Workbook

Sheet Duplicates
A1: Column1 | B1: patient_id | C1: hospital | D1: department | E1: appointment_datetime | F1: arrival_datetime | G1: discharge_datetime | H1: age | I1: gender | J1: appointment_status | K1: waiting_time_minutes | L1: consultation_duration_minutes | M1: referral_source | N1: postcode_area | O1: patient_satisfaction | P1: follow_up_required | Q1: cost_gbp | R1: data_source | S1: ID_Count
A2: A00049 | B2: P10056 | C2: Belfast City Hospital | D2: Orthopedics | E2: 45352.465 | F2: 45294.458 | G2: 45294.549 | I2: Female | J2: No-show | K2: 65 | L2: 55 | M2: Self-referral | N2: BT12 | O2: N/A | P2: N | Q2: 16.4 | R2: HIS | S2: 2
A3: A00049 | B3: P10056 | C3: Belfast City Hospital | D3: Orthopedics | E3: 45352.465 | F3: 45294.458 | G3: 45294.549 | I3: Female | J3: No-show | K3: 65 | L3: 55 | M3: Self-referral | N3: BT12 | O3: N/A | P3: N | Q3: 16.4 | R3: HIS | S3: 2
A4: A00057 | B4: P10410 | D4: Emergency | E4: 45719.462 | F4: 45719.442 | G4: 45719.552 | H4: 13 | I4: female | J4: complete | K4: 91 | L4: 39 | N4: UNKNOWN | P4: No | Q4: 210.76 | R4: LegacyDB | S4: 2
A5: A00057 | B5: P10052 | C5: Mater Hospital | D5: Cardiology | E5: 45835.635 | F5: 45835.632 | G5: 45835.74 | H5: 9 | I5: MALE | J5: Discharged | K5: 124 | L5: 27 | M5: Online | O5: N/A | P5: yes | Q5: 84.7 | R5: Legacy DB | S5: 2
A6: A00121 | B6: P10440 | C6: Mater Hosp. | D6: Emergency | E6: 06-15-2025 17:35 | F6: 45823.722 | H6: unknown | I6: Male | J6: Completed | K6: 109 | L6: 47 | M6: Emergency | N6: BT15 | O6: 3 | P6: N | Q6: 132.2 | R6: ClinicSystem | S6: 2
A7: A00121 | B7: P10440 | C7: Mater Hosp. | D7: Emergency | E7: 06-15-2025 17:35 | F7: 45823.722 | H7: unknown | I7: Male | J7: Completed | K7: 109 | L7: 47 | M7: Emergency | N7: BT15 | O7: 3 | P7: N | Q7: 132.2 | R7: ClinicSystem | S7: 2
A8: A00159 | B8: P10368 | C8: Royal Victoria Hospital | D8: CARDIOLOGY | E8: 45568.698 | F8: 45568.681 | H8: 77 | I8: Non-binary | J8: No-show | K8: 54 | L8: 28 | M8: Specialist | N8: BT15 | O8: 3 | P8: Yes | Q8: 194.13 | R8: ClinicSystem | S8: 2
A9: A00159 | B9: P10368 | C9: Royal Victoria Hospital | D9: CARDIOLOGY | E9: 45568.698 | F9: 45568.681 | H9: 77 | I9: Non-binary | J9: No-show | K9: 54 | L9: 28 | M9: Specialist | N9: BT15 | O9: 3 | P9: Yes | Q9: 194.13 | R9: ClinicSystem | S9: 2
A10: A00184 | B10: P10134 | C10: Mater Hospital | D10: Oncology | F10: 45332.717 | G10: 45332.791 | H10: 145 | I10: Non-binary | J10: Cancelled | K10: 44 | L10: 50 | N10: BT9 | Q10: 98.85 | R10: HIS | S10: 2
A11: A00184 | B11: P10076 | C11: Mater Hospital | D11: A&E | E11: 05-22-2024 14:10 | F11: 45434.577 | G11: 45434.658 | H11: 84 | I11: female | J11: DNA | K11: 87 | L11: 11 | M11: Walk-in | N11: BT2 | O11: 0 | P11: No | Q11: 187.38 | R11: HIS | S11: 2
A12: A00191 | B12: P10109 | C12: Mater Hosp. | D12: Orthopaedics | E12: 45967.372 | F12: 45967.354 | G12: 45967.428 | H12: unknown | I12: Female | J12: DNA | K12: 42 | L12: 39 | M12: Self-referral | N12: bt7 | O12: 1 | P12: N | Q12: 111.32 | R12: HIS | S12: 2
A13: A00191 | B13: P10109 | C13: Mater Hosp. | D13: Orthopaedics | E13: 45967.372 | F13: 45967.354 | G13: 45967.428 | H13: unknown | I13: Female | J13: DNA | K13: 42 | L13: 39 | M13: Self-referral | N13: bt7 | O13: 1 | P13: N | Q13: 111.32 | R13: HIS | S13: 2
A14: A00237 | B14: P10291 | C14: Belfast City Hospital | D14: Cardiology | E14: 45623.295 | F14: 45623.291 | G14: 45623.379 | H14: -4 | I14: MALE | J14: Discharged | K14: 79 | L14: 42 | M14: GP | N14: BT7 | O14: N/A | P14: N | Q14: 120.24 | R14: Legacy DB | S14: 2
A15: A00237 | B15: P10295 | C15: RVH | D15: Orthopedics | E15: 45349.639 | F15: 45349.619 | G15: 45349.693 | I15: Female | J15: Discharged | K15: 69 | L15: 9 | M15: Walk-in | N15: bt7 | O15: 6 | P15: yes | Q15: 218.92 | R15: Legacy DB | S15: 2
A16: A00276 | B16: P10089 | C16: Mater Hospital | D16: Oncology | E16: 45965.406 | F16: 45758.404 | H16: 73 | I16: MALE | J16: No-show | K16: 101 | L16: 15 | M16: GP | N16: BT15 | O16: 6 | P16: No | R16: LegacyDB | S16: 2
A17: A00276 | B17: P10089 | C17: Mater Hospital | D17: Oncology | E17: 45965.406 | F17: 45758.404 | H17: 73 | I17: MALE | J17: No-show | K17: 101 | L17: 15 | M17: GP | N17: BT15 | O17: 6 | P17: No | R17: LegacyDB | S17: 2
A18: A00289 | B18: P10437 | C18: Mater Hosp. | D18: Orthopedics | E18: 45611.733 | F18: 45611.731 | G18: 45611.806 | I18: F | J18: DNA | K18: 71 | L18: 34 | M18: GP | N18: BT99 | O18: 0 | P18: yes | Q18: 184.4 | R18: HIS | S18: 2
A19: A00289 | B19: P10102 | C19: Mater Hosp. | D19: Cardiology | E19: 45396.757 | F19: 45396.739 | G19: 45396.857 | H19: unknown | J19: Cancelled | K19: 68 | L19: 76 | M19: GP | N19: bt7 | O19: N/A | P19: yes | Q19: 93.98 | R19: HIS | S19: 2
A20: A00347 | B20: P10246 | D20: Out Patient | E20: 45908.41 | F20: 45878.407 | G20: 45878.476 | K20: 33 | L20: 63 | N20: UNKNOWN | O20: 6 | P20: yes | Q20: 160.83 | R20: ClinicSystem | S20: 2
A21: A00347 | B21: P10419 | C21: Belfast City Hospital | D21: Emergency | E21: 45300.656 | F21: 45300.652 | G21: 45300.697 | H21: 81 | I21: Prefer not to say | J21: No-show | K21: 35 | L21: 23 | M21: Specialist | N21: BT99 | O21: N/A | P21: Y | Q21: 119.37 | R21: Legacy DB | S21: 2
A22: A00368 | B22: P10219 | C22: Ulster Hospital | D22: Out Patient | E22: 45305.417 | F22: 45305.416 | G22: 45305.464 | H22: 37 | I22: F | J22: Cancelled | K22: 60 | L22: 8 | N22: BT9 | O22: N/A | P22: yes | Q22: 224.7 | R22: HIS | S22: 2
A23: A00368 | B23: P10117 | C23: RVH | D23: Pediatrics | E23: 10-21-2025 07:40 | F23: 45951.315 | G23: 45951.351 | H23: unknown | I23: M | J23: complete | K23: 40 | L23: 5 | N23: UNKNOWN | O23: 0 | P23: No | R23: HIS | S23: 2
A24: A00383 | B24: P10382 | C24: Belfast City Hospital | D24: Accident & Emergency | E24: 10-30-2024 10:35 | F24: 45595.435 | G24: 45595.56 | J24: CANCELLED | K24: 142 | L24: 30 | M24: Online | N24: BT9 | O24: N/A | P24: N | R24: LegacyDB | S24: 2
A25: A00383 | B25: P10382 | C25: Belfast City Hospital | D25: Accident & Emergency | E25: 10-30-2024 10:35 | F25: 45595.435 | G25: 45595.56 | J25: CANCELLED | K25: 142 | L25: 30 | M25: Online | N25: BT9 | O25: N/A | P25: N | R25: LegacyDB | S25: 2
A26: A00385 | B26: P10155 | D26: Cardiology | E26: 45853.545 | F26: 45853.533 | G26: 45853.644 | I26: F | J26: No-show | K26: 99 | L26: 43 | M26: Specialist | N26: BT9 | P26: No | Q26: 53.56 | R26: HIS | S26: 2
A27: A00385 | B27: P10091 | C27: Belfast City Hospital | D27: A&E | E27: 03-13-2025 17:10 | F27: 45729.704 | G27: 45729.803 | H27: 55 | I27: female | J27: Completed | K27: 115 | L27: 11 | M27: Specialist | N27: BT1 | O27: 0 | P27: N | Q27: 169.21 | R27: Legacy DB | S27: 2
A28: A00511 | B28: P10262 | C28: Ulster Hospital | D28: Oncology | E28: 11-29-2025 11:15 | F28: 45990.459 | G28: 45990.554 | H28: unknown | I28: F | J28: Discharged | K28: 64 | L28: 59 | M28: Online | N28: BT7 | P28: Y | Q28: 305.49 | R28: Legacy DB | S28: 2
A29: A00511 | B29: P10262 | C29: Ulster Hospital | D29: Oncology | E29: 11-29-2025 11:15 | F29: 45990.459 | G29: 45990.554 | H29: unknown | I29: F | J29: Discharged | K29: 64 | L29: 59 | M29: Online | N29: BT7 | P29: Y | Q29: 305.49 | R29: Legacy DB | S29: 2
A30: A00612 | B30: P10105 | D30: Outpatient | F30: 45815.297 | G30: 45815.369 | H30: 145 | I30: F | J30: Completed | K30: 62 | L30: 29 | M30: Online | N30: BT99 | Q30: 198.71 | R30: ClinicSystem | S30: 2
A31: A00612 | B31: P10227 | C31: Mater Hosp. | D31: Out Patient | E31: 45323.667 | F31: 45323.646 | G31: 45323.724 | H31: 47 | I31: M | J31: Completed | K31: 65 | L31: 18 | N31: BT15 | O31: 0 | P31: No | R31: HIS | S31: 2
A32: A00680 | B32: P10230 | C32: Ulster Hospital | D32: Orthopaedics | E32: 45506.424 | F32: 45506.423 | I32: Non-binary | J32: Pending | K32: 84 | L32: 53 | N32: BT7 | O32: 0 | P32: N | R32: LegacyDB | S32: 2
A33: A00680 | B33: P10230 | C33: Ulster Hospital | D33: Orthopaedics | E33: 45506.424 | F33: 45506.423 | I33: Non-binary | J33: Pending | K33: 84 | L33: 53 | N33: BT7 | O33: 0 | P33: N | R33: LegacyDB | S33: 2
A34: A00689 | B34: P10320 | C34: Belfast city hospital | D34: Oncology | E34: 45833.361 | F34: 45833.347 | G34: 45833.441 | H34: 63 | I34: Unknown | K34: 87 | L34: 28 | M34: Specialist | N34: bt7 | O34: N/A | P34: Yes | Q34: 123.84 | R34: ClinicSystem | S34: 2
A35: A00689 | B35: P10152 | C35: Mater Hospital | D35: Orthopedics | E35: 09-25-2025 17:20 | G35: 45925.752 | I35: Unknown | J35: No-show | K35: 0 | L35: 43 | N35: BT9 | P35: Yes | Q35: 45.86 | R35: HIS | S35: 2
A36: A00700 | B36: P10152 | C36: Ulster Hospital | D36: Neurology | E36: 45859.319 | F36: 45859.305 | G36: 45859.377 | H36: 67 | I36: female | J36: CANCELLED | K36: 57 | L36: 26 | M36: GP | N36: BT9 | O36: 6 | P36: No | Q36: 157.42 | R36: HIS | S36: 2
A37: A00700 | B37: P10146 | C37: Mater Hospital | D37: Paediatrics | E37: 45912.319 | F37: 45912.304 | G37: 45912.39 | H37: 74 | I37: female | J37: Discharged | K37: 86 | L37: 16 | O37: N/A | P37: Y | Q37: 92.35 | R37: Legacy DB | S37: 2
A38: A00740 | B38: P10295 | C38: RVH | D38: Accident & Emergency | E38: 07-25-2025 17:30 | F38: 45863.726 | G38: 45863.756 | H38: 48 | K38: 29 | L38: 9 | M38: Specialist | N38: BT15 | O38: 3 | Q38: 126.28 | R38: HIS | S38: 2
A39: A00740 | B39: P10117 | D39: GP Referral | E39: 45902.507 | F39: 45902.501 | G39: 45902.592 | I39: Unknown | J39: CANCELLED | K39: 74 | L39: 49 | M39: Walk-in | N39: bt7 | O39: 2 | R39: HIS | S39: 2
A40: A00844 | B40: P10127 | C40: Belfast City Hospital | D40: Paediatrics | E40: 03-24-2025 13:10 | F40: 45740.535 | G40: 45740.574 | H40: 10 | I40: M | J40: CANCELLED | K40: 30 | L40: 7 | M40: GP | N40: BT99 | O40: 2 | P40: No | Q40: 169.31 | R40: ClinicSystem | S40: 2
A41: A00844 | B41: P10338 | C41: Mater Hospital | D41: Orthopaedics | E41: 45887.75 | F41: 45887.731 | G41: 45887.826 | H41: -4 | I41: Non-binary | J41: Cancelled | K41: 83 | L41: 27 | M41: Online | N41: BT2 | Q41: 261.26 | R41: HIS | S41: 2
A42: A00882 | B42: P10168 | C42: Royal Victoria Hospital | D42: Neurology | E42: 03-24-2024 14:00 | F42: 45375.566 | G42: 45375.66 | H42: 63 | I42: Unknown | J42: Discharged | K42: 56 | L42: 54 | N42: UNKNOWN | O42: 1 | P42: No | Q42: 232.72 | R42: HIS | S42: 2
A43: A00882 | B43: P10168 | C43: Royal Victoria Hospital | D43: Neurology | E43: 03-24-2024 14:00 | F43: 45375.566 | G43: 45375.66 | H43: 63 | I43: Unknown | J43: Discharged | K43: 56 | L43: 54 | N43: UNKNOWN | O43: 1 | P43: No | Q43: 232.72 | R43: HIS | S43: 2
A44: A00901 | B44: P10068 | C44: Belfast city hospital | D44: Oncology | E44: 45959.615 | F44: 45959.597 | G44: 45959.692 | I44: Male | J44: Pending | K44: 64 | L44: 48 | N44: BT1 | O44: 2 | P44: yes | Q44: 62.4 | R44: LegacyDB | S44: 2
A45: A00901 | B45: P10068 | C45: Belfast city hospital | D45: Oncology | E45: 45959.615 | F45: 45959.597 | G45: 45959.692 | I45: Male | J45: Pending | K45: 64 | L45: 48 | N45: BT1 | O45: 2 | P45: yes | Q45: 62.4 | R45: LegacyDB | S45: 2
A46: A00994 | B46: P10011 | C46: Belfast city hospital | D46: Accident & Emergency | E46: 45294.76 | F46: 45352.745 | G46: 45352.835 | H46: 145 | I46: MALE | J46: Completed | K46: 84 | L46: 24 | M46: Walk-in | N46: BT9 | O46: N/A | Q46: 54.59 | R46: HIS | S46: 2
A47: A00994 | B47: P10011 | C47: Belfast city hospital | D47: Accident & Emergency | E47: 45294.76 | F47: 45352.745 | G47: 45352.835 | H47: 145 | I47: MALE | J47: Completed | K47: 84 | L47: 24 | M47: Walk-in | N47: BT9 | O47: N/A | Q47: 54.59 | R47: HIS | S47: 2
A48: A01042 | B48: P10051 | D48: Orthopedics | E48: 45345.778 | F48: 45345.776 | G48: 45345.865 | I48: Male | J48: Discharged | K48: 72 | L48: 53 | M48: Emergency | N48: BT12 | O48: 0 | P48: yes | Q48: 35.27 | R48: HIS | S48: 2
A49: A01042 | B49: P10268 | C49: RVH | D49: Emergency | E49: 45371.649 | F49: 45371.647 | G49: 45371.69 | H49: -4 | I49: Unknown | J49: Cancelled | K49: 33 | L49: 26 | M49: GP | N49: BT7 | O49: N/A | P49: No | Q49: 82.3 | R49: HIS | S49: 2
A50: A01049 | B50: P10153 | C50: Royal Victoria Hospital | D50: Emergency | E50: 45670.451 | F50: 45670.434 | G50: 45670.515 | H50: -4 | K50: 82 | L50: 9 | M50: Walk-in | N50: BT7 | Q50: 281.2 | R50: LegacyDB | S50: 2
A51: A01049 | B51: P10153 | C51: Royal Victoria Hospital | D51: Emergency | E51: 45670.451 | F51: 45670.434 | G51: 45670.515 | H51: -4 | K51: 82 | L51: 9 | M51: Walk-in | N51: BT7 | Q51: 281.2 | R51: LegacyDB | S51: 2
A52: A01050 | B52: P10127 | C52: Mater Hospital | D52: Accident & Emergency | E52: 12-16-2025 18:55 | F52: 46007.769 | G52: 46007.876 | H52: 145 | I52: F | J52: complete | K52: 65 | L52: 61 | M52: GP | N52: BT2 | O52: 3 | P52: No | Q52: 86.36 | R52: HIS | S52: 2
A53: A01050 | B53: P10280 | C53: RVH | D53: Pediatrics | E53: 08-17-2024 12:20 | F53: 45521.505 | G53: 45521.629 | H53: -4 | I53: Male | J53: DNA | K53: 121 | L53: 45 | N53: UNKNOWN | O53: 6 | P53: N | Q53: 189.24 | R53: ClinicSystem | S53: 2
A54: A01202 | B54: P10232 | C54: Ulster Hospital | D54: Pediatrics | E54: 02-18-2024 08:05 | F54: 45340.324 | G54: 45340.411 | H54: 30 | I54: Non-binary | J54: Discharged | K54: 102 | L54: 5 | M54: Online | N54: BT7 | P54: N | Q54: 185.22 | R54: LegacyDB | S54: 2
A55: A01202 | B55: P10232 | C55: Ulster Hospital | D55: Pediatrics | E55: 02-18-2024 08:05 | F55: 45340.324 | G55: 45340.411 | H55: 30 | I55: Non-binary | J55: Discharged | K55: 102 | L55: 5 | M55: Online | N55: BT7 | P55: N | Q55: 185.22 | R55: LegacyDB | S55: 2
A56: A01214 | B56: P10005 | C56: Ulster Hospital | D56: Accident & Emergency | E56: 45391.34 | G56: 45391.362 | H56: -4 | I56: MALE | J56: CANCELLED | K56: 0 | L56: 31 | M56: GP | O56: N/A | P56: No | Q56: 196.24 | R56: HIS | S56: 2
A57: A01214 | B57: P10005 | C57: Ulster Hospital | D57: Accident & Emergency | E57: 45391.34 | G57: 45391.362 | H57: -4 | I57: MALE | J57: CANCELLED | K57: 0 | L57: 31 | M57: GP | O57: N/A | P57: No | Q57: 196.24 | R57: HIS | S57: 2
A58: A01323 | B58: P10346 | C58: Mater Hosp. | D58: CARDIOLOGY | E58: 45696.781 | F58: 45696.781 | G58: 45696.872 | H58: -4 | I58: Male | J58: CANCELLED | K58: 69 | L58: 61 | M58: Online | N58: BT12 | P58: yes | Q58: 156.19 | R58: HIS | S58: 2
A59: A01323 | B59: P10346 | C59: Mater Hosp. | D59: CARDIOLOGY | E59: 45696.781 | F59: 45696.781 | G59: 45696.872 | H59: -4 | I59: Male | J59: CANCELLED | K59: 69 | L59: 61 | M59: Online | N59: BT12 | P59: yes | Q59: 156.19 | R59: HIS | S59: 2
A60: A01363 | B60: P10404 | C60: Belfast city hospital | D60: Outpatient | E60: 45325.628 | F60: 45325.612 | G60: 45325.666 | I60: Unknown | J60: Cancelled | K60: 18 | L60: 36 | M60: GP | N60: UNKNOWN | O60: N/A | P60: N | Q60: 0 | R60: HIS | S60: 2
A61: A01363 | B61: P10415 | C61: Mater Hospital | D61: General Medicine | E61: 45876.538 | F61: 45876.531 | G61: 45876.607 | H61: -4 | I61: female | J61: Discharged | K61: 77 | L61: 22 | M61: Walk-in | N61: BT12 | O61: N/A | Q61: 298.88 | R61: LegacyDB | S61: 2
A62: A01381 | B62: P10271 | C62: RVH | D62: Pediatrics | E62: 45440.733 | F62: 45440.727 | G62: 45440.789 | H62: 145 | I62: M | J62: DNA | K62: 50 | L62: 31 | M62: GP | N62: BT9 | O62: 6 | P62: yes | Q62: 89.89 | R62: Legacy DB | S62: 2
A63: A01381 | B63: P10422 | C63: Mater Hosp. | D63: A&E | E63: 01-16-2025 07:15 | F63: 45673.285 | G63: 45673.378 | H63: unknown | I63: Female | J63: No-show | K63: 65 | L63: 45 | M63: Self-referral | N63: BT15 | O63: 0 | P63: N | Q63: 15.73 | R63: Legacy DB | S63: 2
A64: A01408 | B64: P10441 | C64: Belfast City Hospital | D64: General Medicine | E64: 45523.753 | F64: 45523.742 | G64: 45523.791 | H64: 65 | I64: Non-binary | J64: Pending | K64: 49 | L64: 5 | M64: Specialist | N64: BT99 | O64: 6 | P64: No | Q64: 108.62 | R64: LegacyDB | S64: 2
A65: A01408 | B65: P10441 | C65: Belfast City Hospital | D65: General Medicine | E65: 45523.753 | F65: 45523.742 | G65: 45523.791 | H65: 65 | I65: Non-binary | J65: Pending | K65: 49 | L65: 5 | M65: Specialist | N65: BT99 | O65: 6 | P65: No | Q65: 108.62 | R65: LegacyDB | S65: 2
A66: A01428 | B66: P10086 | C66: Mater Hosp. | D66: General Medicine | E66: 45491.556 | F66: 45491.545 | G66: 45491.621 | H66: -4 | I66: Prefer not to say | J66: Pending | K66: 57 | L66: 37 | N66: BT12 | O66: 0 | P66: No | Q66: 290.07 | R66: HIS | S66: 2
A67: A01428 | B67: P10086 | C67: Mater Hosp. | D67: General Medicine | E67: 45491.556 | F67: 45491.545 | G67: 45491.621 | H67: -4 | I67: Prefer not to say | J67: Pending | K67: 57 | L67: 37 | N67: BT12 | O67: 0 | P67: No | Q67: 290.07 | R67: HIS | S67: 2
A68: A01463 | B68: P10136 | C68: RVH | D68: Accident & Emergency | E68: 45336.309 | F68: 45336.291 | G68: 45336.406 | H68: -4 | I68: Prefer not to say | J68: No-show | K68: 70 | L68: 69 | M68: GP | N68: BT15 | O68: 2 | P68: No | Q68: 24.05 | R68: Legacy DB | S68: 2
A69: A01463 | B69: P10136 | C69: RVH | D69: Accident & Emergency | E69: 45336.309 | F69: 45336.291 | G69: 45336.406 | H69: -4 | I69: Prefer not to say | J69: No-show | K69: 70 | L69: 69 | M69: GP | N69: BT15 | O69: 2 | P69: No | Q69: 24.05 | R69: Legacy DB | S69: 2
A70: A01628 | B70: P10098 | C70: Ulster Hospital | D70: Out Patient | E70: 45602.559 | F70: 45454.549 | G70: 45454.618 | H70: unknown | K70: 71 | L70: 14 | M70: GP | N70: BT1 | P70: No | Q70: 164.96 | R70: ClinicSystem | S70: 2
A71: A01628 | B71: P10098 | C71: Ulster Hospital | D71: Out Patient | E71: 45602.559 | F71: 45454.549 | G71: 45454.618 | H71: unknown | K71: 71 | L71: 14 | M71: GP | N71: BT1 | P71: No | Q71: 164.96 | R71: ClinicSystem | S71: 2
A72: A01708 | B72: P10128 | C72: Mater Hospital | D72: Orthopaedics | E72: 45983.618 | F72: 45983.6 | G72: 45983.736 | I72: Female | J72: CANCELLED | K72: 82 | L72: 600 | M72: Specialist | N72: BT2 | O72: N/A | P72: No | Q72: 209.64 | R72: Legacy DB | S72: 2
A73: A01708 | B73: P10128 | C73: Mater Hospital | D73: Orthopaedics | E73: 45983.618 | F73: 45983.6 | G73: 45983.736 | I73: Female | J73: CANCELLED | K73: 82 | L73: 600 | M73: Specialist | N73: BT2 | O73: N/A | P73: No | Q73: 209.64 | R73: Legacy DB | S73: 2
A74: A01717 | B74: P10251 | C74: Belfast City Hospital | D74: Oncology | E74: 45942.517 | F74: 46001.498 | G74: 46001.556 | H74: 85 | I74: F | J74: No-show | K74: 51 | L74: 5 | M74: Self-referral | P74: No | Q74: 327.17 | R74: HIS | S74: 2
A75: A01717 | B75: P10251 | C75: Belfast City Hospital | D75: Oncology | E75: 45942.517 | F75: 46001.498 | G75: 46001.556 | H75: 85 | I75: F | J75: No-show | K75: 51 | L75: 5 | M75: Self-referral | P75: No | Q75: 327.17 | R75: HIS | S75: 2
A76: A01750 | B76: P10330 | C76: Ulster Hospital | D76: CARDIOLOGY | E76: 45296.726 | F76: 45296.725 | G76: 45296.755 | H76: unknown | I76: M | J76: DNA | K76: 37 | L76: 5 | M76: Emergency | N76: BT99 | O76: 4 | P76: Y | Q76: 210.35 | R76: HIS | S76: 2
A77: A01750 | B77: P10008 | C77: Royal Victoria Hospital | D77: Neurology | E77: 45485.42 | F77: 45485.415 | G77: 45485.443 | H77: 20 | I77: female | J77: Discharged | K77: 9 | L77: 24 | M77: Self-referral | N77: UNKNOWN | O77: 6 | P77: No | Q77: 124.39 | R77: Legacy DB | S77: 2
A78: A01759 | B78: P10227 | C78: Mater Hospital | D78: Oncology | E78: 45767.323 | F78: 45767.303 | H78: 145 | I78: Unknown | J78: Completed | K78: 43 | L78: 48 | M78: GP | N78: BT12 | O78: 2 | P78: Yes | Q78: 154.88 | R78: LegacyDB | S78: 2
A79: A01759 | B79: P10316 | C79: Ulster Hospital | D79: CARDIOLOGY | E79: 45410.295 | F79: 45410.275 | G79: 45410.351 | H79: -4 | I79: F | J79: Pending | K79: 53 | L79: 28 | M79: Self-referral | N79: bt7 | O79: 5 | P79: Yes | Q79: 204.73 | R79: LegacyDB | S79: 2

Sheet Raw Data
A1: Appoinment_id | B1: patient_id | C1: Hospital | D1: department | E1: appointment_datetime | F1: arrival_datetime | G1: discharge_datetime | H1: Age | I1: gender | J1: appointment_status | K1: waiting_time_minutes | L1: consultation_duration_minutes | M1: referral_source | N1: postcode_area | O1: patient_satisfaction | P1: follow_up_required | Q1: cost_gbp | R1: data_source | S1: ID_Count | T1: Age_Check | U1: Age_cleaned | V1: Wait_time_check | W1: Comparison | X1: D_Compare
A2: A00001 | B2: P10377 | C2: Royal Victoria Hospital | D2: Outpatient | E2: 45946.333 | F2: 45946.314 | G2: 45946.406 | H2: 75 | I2: F | J2: Pending | K2: 75 | L2: 29 | M2: Emergency | N2: BT9 | O2: 6 | P2: Yes | Q2: 196.82 | R2: Legacy DB | S2: =COUNTIF(A:A,A2) -> 1 | T2: =IF(OR(H2="",LOWER(TRIM(H2&""))="missing",LOWER(TRIM(H2&""))=""),"Missing/",IFERROR(IF(OR(VALUE(H2)<0,VALUE(H2)>110),"Invalid","Valid"),"Check Format")) -> Valid | U2: =IF(Raw_Data[[#This Row],[Age_Check]]="Valid",H2,"") -> 75 | V2: =IF(OR(K2="",UPPER(TRIM(K2&""))="",LOWER(TRIM(K2&""))="",LOWER(TRIM(K2&""))="",LOWER(TRIM(K2&""))="missing"),"Missing/",IFERROR(IF(VALUE(K2)<0,"Invalid","Valid"),"Check Format")) -> Valid | W2: =IF(OR(E2="",F2=""),"Missing Date/Time",IFERROR(IF(F2>E2,"Arrival After Appointment","OK"),"Check Format")) -> OK | X2: =IF(OR(F2="",G2=""),"Missing Date/Time",IFERROR(IF(G2<F2,"Discharge Before Arrival","OK"),"Check Format")) -> OK
A3: A00002 | B3: P10110 | C3: RVH | D3: Cardiology | E3: 45474.413 | F3: 45298.405 | I3: F | J3: Completed | K3: 111 | L3: 27 | M3: Online | O3: 1 | P3: Yes | Q3: 126.27 | R3: Legacy DB | S3: =COUNTIF(A:A,A3) -> 1 | T3: =IF(OR(H3="",LOWER(TRIM(H3&""))="missing",LOWER(TRIM(H3&""))=""),"Missing/",IFERROR(IF(OR(VALUE(H3)<0,VALUE(H3)>110),"Invalid","Valid"),"Check Format")) -> Missing/ | U3: =IF(Raw_Data[[#This Row],[Age_Check]]="Valid",H3,"") | V3: =IF(OR(K3="",UPPER(TRIM(K3&""))="",LOWER(TRIM(K3&""))="",LOWER(TRIM(K3&""))="",LOWER(TRIM(K3&""))="missing"),"Missing/",IFERROR(IF(VALUE(K3)<0,"Invalid","Valid"),"Check Format")) -> Valid | W3: =IF(OR(E3="",F3=""),"Missing Date/Time",IFERROR(IF(F3>E3,"Arrival After Appointment","OK"),"Check Format")) -> OK | X3: =IF(OR(F3="",G3=""),"Missing Date/Time",IFERROR(IF(G3<F3,"Discharge Before Arrival","OK"),"Check Format")) -> Missing Date/Time
A4: A00003 | B4: P10437 | C4: Ulster Hospital | D4: Neurology | E4: 45629.326 | F4: 45363.318 | G4: 45363.436 | H4: 46 | I4: Prefer not to say | J4: D | K4: 113 | L4: 45 | M4: Walk-in | N4: BT9 | O4: 6 | P4: No | Q4: 107.44 | R4: ClinicSystem | S4: =COUNTIF(A:A,A4) -> 1 | T4: =IF(OR(H4="",LOWER(TRIM(H4&""))="missing",LOWER(TRIM(H4&""))=""),"Missing/",IFERROR(IF(OR(VALUE(H4)<0,VALUE(H4)>110),"Invalid","Valid"),"Check Format")) -> Valid | U4: =IF(Raw_Data[[#This Row],[Age_Check]]="Valid",H4,"") -> 46 | V4: =IF(OR(K4="",UPPER(TRIM(K4&""))="",LOWER(TRIM(K4&""))="",LOWER(TRIM(K4&""))="",LOWER(TRIM(K4&""))="missing"),"Missing/",IFERROR(IF(VALUE(K4)<0,"Invalid","Valid"),"Check Format")) -> Valid | W4: =IF(OR(E4="",F4=""),"Missing Date/Time",IFERROR(IF(F4>E4,"Arrival After Appointment","OK"),"Check Format")) -> OK | X4: =IF(OR(F4="",G4=""),"Missing Date/Time",IFERROR(IF(G4<F4,"Discharge Before Arrival","OK"),"Check Format")) -> OK
A5: A00004 | B5: P10117 | C5: Belfast City Hospital | D5: Pediatrics | E5: 10-17-2025 18:40 | F5: 45947.769 | G5: 45947.847 | I5: Prefer not to say | J5: D | K5: 76 | L5: 23 | M5: Specialist | N5: BT9 | O5: 4 | P5: Yes | Q5: 107.74 | R5: Legacy DB | S5: =COUNTIF(A:A,A5) -> 1 | T5: =IF(OR(H5="",LOWER(TRIM(H5&""))="missing",LOWER(TRIM(H5&""))=""),"Missing/",IFERROR(IF(OR(VALUE(H5)<0,VALUE(H5)>110),"Invalid","Valid"),"Check Format")) -> Missing/ | U5: =IF(Raw_Data[[#This Row],[Age_Check]]="Valid",H5,"") | V5: =IF(OR(K5="",UPPER(TRIM(K5&""))="",LOWER(TRIM(K5&""))="",LOWER(TRIM(K5&""))="",LOWER(TRIM(K5&""))="missing"),"Missing/",IFERROR(IF(VALUE(K5)<0,"Invalid","Valid"),"Check Format")) -> Valid | W5: =IF(OR(E5="",F5=""),"Missing Date/Time",IFERROR(IF(F5>E5,"Arrival After Appointment","OK"),"Check Format")) -> OK | X5: =IF(OR(F5="",G5=""),"Missing Date/Time",IFERROR(IF(G5<F5,"Discharge Before Arrival","OK"),"Check Format")) -> OK
A6: A00005 | B6: P10386 | C6: Belfast City Hospital | D6: Accident & Emergency | E6: 45889.559 | F6: 45889.556 | G6: 45889.608 | H6: 145 | I6: M | J6: D | K6: 66 | L6: 5 | N6: BT7 | O6: 6 | P6: Yes | Q6: 7.01 | R6: HIS | S6: =COUNTIF(A:A,A6) -> 1 | T6: =IF(OR(H6="",LOWER(TRIM(H6&""))="missing",LOWER(TRIM(H6&""))=""),"Missing/",IFERROR(IF(OR(VALUE(H6)<0,VALUE(H6)>110),"Invalid","Valid"),"Check Format")) -> Invalid | U6: =IF(Raw_Data[[#This Row],[Age_Check]]="Valid",H6,"") | V6: =IF(OR(K6="",UPPER(TRIM(K6&""))="",LOWER(TRIM(K6&""))="",LOWER(TRIM(K6&""))="",LOWER(TRIM(K6&""))="missing"),"Missing/",IFERROR(IF(VALUE(K6)<0,"Invalid","Valid"),"Check Format")) -> Valid | W6: =IF(OR(E6="",F6=""),"Missing Date/Time",IFERROR(IF(F6>E6,"Arrival After Appointment","OK"),"Check Format")) -> OK | X6: =IF(OR(F6="",G6=""),"Missing Date/Time",IFERROR(IF(G6<F6,"Discharge Before Arrival","OK"),"Check Format")) -> OK
A7: A00006 | B7: P10232 | C7: Belfast City Hospital | D7: Out Patient | E7: 45565.726 | F7: 45565.706 | G7: 45565.761 | H7: 145 | I7: M | J7: Cancelled | K7: 38 | L7: 13 | M7: GP | O7: 2 | P7: Yes | Q7: 170.14 | R7: Legacy DB | S7: =COUNTIF(A:A,A7) -> 1 | T7: =IF(OR(H7="",LOWER(TRIM(H7&""))="missing",LOWER(TRIM(H7&""))=""),"Missing/",IFERROR(IF(OR(VALUE(H7)<0,VALUE(H7)>110),"Invalid","Valid"),"Check Format")) -> Invalid | U7: =IF(Raw_Data[[#This Row],[Age_Check]]="Valid",H7,"") | V7: =IF(OR(K7="",UPPER(TRIM(K7&""))="",LOWER(TRIM(K7&""))="",LOWER(TRIM(K7&""))="",LOWER(TRIM(K7&""))="missing"),"Missing/",IFERROR(IF(VALUE(K7)<0,"Invalid","Valid"),"Check Format")) -> Valid | W7: =IF(OR(E7="",F7=""),"Missing Date/Time",IFERROR(IF(F7>E7,"Arrival After Appointment","OK"),"Check Format")) -> OK | X7: =IF(OR(F7="",G7=""),"Missing Date/Time",IFERROR(IF(G7<F7,"Discharge Before Arrival","OK"),"Check Format")) -> OK
A8: A00007 | B8: P10122 | C8: Belfast City Hospital | D8: A&E | E8: 45786.524 | F8: 45905.512 | G8: 45905.547 | I8: M | J8: Completed | K8: 26 | L8: 6 | M8: Self-referral | N8: BT7 | O8: 5 | P8: Yes | Q8: 262.25 | R8: Legacy DB | S8: =COUNTIF(A:A,A8) -> 1 | T8: =IF(OR(H8="",LOWER(TRIM(H8&""))="missing",LOWER(TRIM(H8&""))=""),"Missing/",IFERROR(IF(OR(VALUE(H8)<0,VALUE(H8)>110),"Invalid","Valid"),"Check Format")) -> Missing/ | U8: =IF(Raw_Data[[#This Row],[Age_Check]]="Valid",H8,"") | V8: =IF(OR(K8="",UPPER(TRIM(K8&""))="",LOWER(TRIM(K8&""))="",LOWER(TRIM(K8&""))="",LOWER(TRIM(K8&""))="missing"),"Missing/",IFERROR(IF(VALUE(K8)<0,"Invalid","Valid"),"Check Format")) -> Valid | W8: =IF(OR(E8="",F8=""),"Missing Date/Time",IFERROR(IF(F8>E8,"Arrival After Appointment","OK"),"Check Format")) -> Arrival After Appointment | X8: =IF(OR(F8="",G8=""),"Missing Date/Time",IFERROR(IF(G8<F8,"Discharge Before Arrival","OK"),"Check Format")) -> OK
A9: A00008 | B9: P10264 | D9: CARDIOLOGY | E9: 45850.455 | F9: 45998.45 | H9: 145 | I9: M | J9: Pending | K9: 50 | L9: 33 | M9: Specialist | N9: BT1 | O9: 1 | P9: Yes | Q9: 31.02 | R9: LegacyDB | S9: =COUNTIF(A:A,A9) -> 1 | T9: =IF(OR(H9="",LOWER(TRIM(H9&""))="missing",LOWER(TRIM(H9&""))=""),"Missing/",IFERROR(IF(OR(VALUE(H9)<0,VALUE(H9)>110),"Invalid","Valid"),"Check Format")) -> Invalid | U9: =IF(Raw_Data[[#This Row],[Age_Check]]="Valid",H9,"") | V9: =IF(OR(K9="",UPPER(TRIM(K9&""))="",LOWER(TRIM(K9&""))="",LOWER(TRIM(K9&""))="",LOWER(TRIM(K9&""))="missing"),"Missing/",IFERROR(IF(VALUE(K9)<0,"Invalid","Valid"),"Check Format")) -> Valid | W9: =IF(OR(E9="",F9=""),"Missing Date/Time",IFERROR(IF(F9>E9,"Arrival After Appointment","OK"),"Check Format")) -> Arrival After Appointment | X9: =IF(OR(F9="",G9=""),"Missing Date/Time",IFERROR(IF(G9<F9,"Discharge Before Arrival","OK"),"Check Format")) -> Missing Date/Time
A10: A00009 | B10: P10097 | C10: Royal Victoria Hospital | D10: Outpatient | E10: 31/02/2025 10:00 | F10: 45511.623 | G10: 45511.681 | I10: F | J10: Cancelled | K10: 38 | L10: 33 | M10: Emergency | N10: BT1 | O10: 4 | P10: No | Q10: 52.92 | R10: Legacy DB | S10: =COUNTIF(A:A,A10) -> 1 | T10: =IF(OR(H10="",LOWER(TRIM(H10&""))="missing",LOWER(TRIM(H10&""))=""),"Missing/",IFERROR(IF(OR(VALUE(H10)<0,VALUE(H10)>110),"Invalid","Valid"),"Check Format")) -> Missing/ | U10: =IF(Raw_Data[[#This Row],[Age_Check]]="Valid",H10,"") | V10: =IF(OR(K10="",UPPER(TRIM(K10&""))="",LOWER(TRIM(K10&""))="",LOWER(TRIM(K10&""))="",LOWER(TRIM(K10&""))="missing"),"Missing/",IFERROR(IF(VALUE(K10)<0,"Invalid","Valid"),"Check Format")) -> Valid | W10: =IF(OR(E10="",F10=""),"Missing Date/Time",IFERROR(IF(F10>E10,"Arrival After Appointment","OK"),"Check Format")) -> OK | X10: =IF(OR(F10="",G10=""),"Missing Date/Time",IFERROR(IF(G10<F10,"Discharge Before Arrival","OK"),"Check Format")) -> OK
A11: A00010 | B11: P10276 | C11: Belfast City Hospital | D11: A&E | E11: 45547.358 | F11: 45547.338 | G11: 45547.422 | I11: M | K11: 71 | L11: 21 | M11: Online | N11: BT9 | O11: 1 | P11: No | R11: HIS | S11: =COUNTIF(A:A,A11) -> 1 | T11: =IF(OR(H11="",LOWER(TRIM(H11&""))="missing",LOWER(TRIM(H11&""))=""),"Missing/",IFERROR(IF(OR(VALUE(H11)<0,VALUE(H11)>110),"Invalid","Valid"),"Check Format")) -> Missing/ | U11: =IF(Raw_Data[[#This Row],[Age_Check]]="Valid",H11,"") | V11: =IF(OR(K11="",UPPER(TRIM(K11&""))="",LOWER(TRIM(K11&""))="",LOWER(TRIM(K11&""))="",LOWER(TRIM(K11&""))="missing"),"Missing/",IFERROR(IF(VALUE(K11)<0,"Invalid","Valid"),"Check Format")) -> Valid | W11: =IF(OR(E11="",F11=""),"Missing Date/Time",IFERROR(IF(F11>E11,"Arrival After Appointment","OK"),"Check Format")) -> OK | X11: =IF(OR(F11="",G11=""),"Missing Date/Time",IFERROR(IF(G11<F11,"Discharge Before Arrival","OK"),"Check Format")) -> OK
A12: A00011 | B12: P10097 | C12: Belfast City Hospital | D12: Pediatrics | E12: 45725.788 | F12: 45725.787 | G12: 45725.835 | I12: Prefer not to say | K12: 47 | L12: 21 | M12: GP | N12: BT1 | O12: 6 | Q12: 293.18 | R12: HIS | S12: =COUNTIF(A:A,A12) -> 1 | T12: =IF(OR(H12="",LOWER(TRIM(H12&""))="missing",LOWER(TRIM(H12&""))=""),"Missing/",IFERROR(IF(OR(VALUE(H12)<0,VALUE(H12)>110),"Invalid","Valid"),"Check Format")) -> Missing/ | U12: =IF(Raw_Data[[#This Row],[Age_Check]]="Valid",H12,"") | V12: =IF(OR(K12="",UPPER(TRIM(K12&""))="",LOWER(TRIM(K12&""))="",LOWER(TRIM(K12&""))="",LOWER(TRIM(K12&""))="missing"),"Missing/",IFERROR(IF(VALUE(K12)<0,"Invalid","Valid"),"Check Format")) -> Valid | W12: =IF(OR(E12="",F12=""),"Missing Date/Time",IFERROR(IF(F12>E12,"Arrival After Appointment","OK"),"Check Format")) -> OK | X12: =IF(OR(F12="",G12=""),"Missing Date/Time",IFERROR(IF(G12<F12,"Discharge Before Arrival","OK"),"Check Format")) -> OK
A13: A00012 | B13: P10126 | C13: Belfast City Hospital | D13: CARDIOLOGY | E13: 45901.368 | F13: 45901.359 | G13: 45901.416 | I13: Non-binary | J13: D | K13: 57 | L13: 12 | M13: Specialist | N13: BT15 | O13: 0 | P13: No | Q13: 210.8 | R13: LegacyDB | S13: =COUNTIF(A:A,A13) -> 1 | T13: =IF(OR(H13="",LOWER(TRIM(H13&""))="missing",LOWER(TRIM(H13&""))=""),"Missing/",IFERROR(IF(OR(VALUE(H13)<0,VALUE(H13)>110),"Invalid","Valid"),"Check Format")) -> Missing/ | U13: =IF(Raw_Data[[#This Row],[Age_Check]]="Valid",H13,"") | V13: =IF(OR(K13="",UPPER(TRIM(K13&""))="",LOWER(TRIM(K13&""))="",LOWER(TRIM(K13&""))="",LOWER(TRIM(K13&""))="missing"),"Missing/",IFERROR(IF(VALUE(K13)<0,"Invalid","Valid"),"Check Format")) -> Valid | W13: =IF(OR(E13="",F13=""),"Missing Date/Time",IFERROR(IF(F13>E13,"Arrival After Appointment","OK"),"Check Format")) -> OK | X13: =IF(OR(F13="",G13=""),"Missing Date/Time",IFERROR(IF(G13<F13,"Discharge Before Arrival","OK"),"Check Format")) -> OK
A14: A00013 | B14: P10135 | C14: Mater Hospital | D14: A&E | E14: 45301.615 | F14: 45301.595 | I14: F | J14: Cancelled | K14: 15 | L14: 35 | M14: Online | P14: Yes | R14: Legacy DB | S14: =COUNTIF(A:A,A14) -> 1 | T14: =IF(OR(H14="",LOWER(TRIM(H14&""))="missing",LOWER(TRIM(H14&""))=""),"Missing/",IFERROR(IF(OR(VALUE(H14)<0,VALUE(H14)>110),"Invalid","Valid"),"Check Format")) -> Missing/ | U14: =IF(Raw_Data[[#This Row],[Age_Check]]="Valid",H14,"") | V14: =IF(OR(K14="",UPPER(TRIM(K14&""))="",LOWER(TRIM(K14&""))="",LOWER(TRIM(K14&""))="",LOWER(TRIM(K14&""))="missing"),"Missing/",IFERROR(IF(VALUE(K14)<0,"Invalid","Valid"),"Check Format")) -> Valid | W14: =IF(OR(E14="",F14=""),"Missing Date/Time",IFERROR(IF(F14>E14,"Arrival After Appointment","OK"),"Check Format")) -> OK | X14: =IF(OR(F14="",G14=""),"Missing Date/Time",IFERROR(IF(G14<F14,"Discharge Before Arrival","OK"),"Check Format")) -> Missing Date/Time
A15: A00014 | B15: P10144 | C15: Ulster Hospital | D15: Oncology | E15: 45429.462 | F15: 45429.458 | G15: 45429.467 | I15: Non-binary | J15: Cancelled | K15: 0 | L15: 8 | M15: GP | N15: BT2 | O15: 4 | P15: Yes | Q15: 160.75 | R15: ClinicSystem | S15: =COUNTIF(A:A,A15) -> 1 | T15: =IF(OR(H15="",LOWER(TRIM(H15&""))="missing",LOWER(TRIM(H15&""))=""),"Missing/",IFERROR(IF(OR(VALUE(H15)<0,VALUE(H15)>110),"Invalid","Valid"),"Check Format")) -> Missing/ | U15: =IF(Raw_Data[[#This Row],[Age_Check]]="Valid",H15,"") | V15: =IF(OR(K15="",UPPER(TRIM(K15&""))="",LOWER(TRIM(K15&""))="",LOWER(TRIM(K15&""))="",LOWER(TRIM(K15&""))="missing"),"Missing/",IFERROR(IF(VALUE(K15)<0,"Invalid","Valid"),"Check Format")) -> Valid | W15: =IF(OR(E15="",F15=""),"Missing Date/Time",IFERROR(IF(F15>E15,"Arrival After Appointment","OK"),"Check Format")) -> OK | X15: =IF(OR(F15="",G15=""),"Missing Date/Time",IFERROR(IF(G15<F15,"Discharge Before Arrival","OK"),"Check Format")) -> OK
A16: A00015 | B16: P10353 | C16: Mater Hospital | D16: Emergency | E16: 45856.771 | F16: 45856.753 | G16: 45856.853 | I16: F | K16: 83 | L16: 35 | M16: GP | N16: BT12 | P16: No | Q16: 135.75 | R16: HIS | S16: =COUNTIF(A:A,A16) -> 1 | T16: =IF(OR(H16="",LOWER(TRIM(H16&""))="missing",LOWER(TRIM(H16&""))=""),"Missing/",IFERROR(IF(OR(VALUE(H16)<0,VALUE(H16)>110),"Invalid","Valid"),"Check Format")) -> Missing/ | U16: =IF(Raw_Data[[#This Row],[Age_Check]]="Valid",H16,"") | V16: =IF(OR(K16="",UPPER(TRIM(K16&""))="",LOWER(TRIM(K16&""))="",LOWER(TRIM(K16&""))="",LOWER(TRIM(K16&""))="missing"),"Missing/",IFERROR(IF(VALUE(K16)<0,"Invalid","Valid"),"Check Format")) -> Valid | W16: =IF(OR(E16="",F16=""),"Missing Date/Time",IFERROR(IF(F16>E16,"Arrival After Appointment","OK"),"Check Format")) -> OK | X16: =IF(OR(F16="",G16=""),"Missing Date/Time",IFERROR(IF(G16<F16,"Discharge Before Arrival","OK"),"Check Format")) -> OK
A17: A00016 | B17: P10211 | C17: Belfast City Hospital | D17: GP Referral | E17: 45927.757 | F17: 45927.737 | G17: 45927.793 | I17: M | J17: D | K17: 47 | L17: 5 | M17: GP | N17: BT7 | O17: 1 | Q17: 87.41 | R17: ClinicSystem | S17: =COUNTIF(A:A,A17) -> 1 | T17: =IF(OR(H17="",LOWER(TRIM(H17&""))="missing",LOWER(TRIM(H17&""))=""),"Missing/",IFERROR(IF(OR(VALUE(H17)<0,VALUE(H17)>110),"Invalid","Valid"),"Check Format")) -> Missing/ | U17: =IF(Raw_Data[[#This Row],[Age_Check]]="Valid",H17,"") | V17: =IF(OR(K17="",UPPER(TRIM(K17&""))="",LOWER(TRIM(K17&""))="",LOWER(TRIM(K17&""))="",LOWER(TRIM(K17&""))="missing"),"Missing/",IFERROR(IF(VALUE(K17)<0,"Invalid","Valid"),"Check Format")) -> Valid | W17: =IF(OR(E17="",F17=""),"Missing Date/Time",IFERROR(IF(F17>E17,"Arrival After Appointment","OK"),"Check Format")) -> OK | X17: =IF(OR(F17="",G17=""),"Missing Date/Time",IFERROR(IF(G17<F17,"Discharge Before Arrival","OK"),"Check Format")) -> OK
A18: A00017 | B18: P10442 | C18: Royal Victoria Hospital | D18: CARDIOLOGY | E18: 08-21-2024 10:00 | F18: 45525.411 | G18: 45525.481 | J18: D | K18: 41 | L18: 51 | M18: Walk-in | N18: BT1 | O18: 3 | P18: Yes | Q18: 172.49 | R18: LegacyDB | S18: =COUNTIF(A:A,A18) -> 1 | T18: =IF(OR(H18="",LOWER(TRIM(H18&""))="missing",LOWER(TRIM(H18&""))=""),"Missing/",IFERROR(IF(OR(VALUE(H18)<0,VALUE(H18)>110),"Invalid","Valid"),"Check Format")) -> Missing/ | U18: =IF(Raw_Data[[#This Row],[Age_Check]]="Valid",H18,"") | V18: =IF(OR(K18="",UPPER(TRIM(K18&""))="",LOWER(TRIM(K18&""))="",LOWER(TRIM(K18&""))="",LOWER(TRIM(K18&""))="missing"),"Missing/",IFERROR(IF(VALUE(K18)<0,"Invalid","Valid"),"Check Format")) -> Valid | W18: =IF(OR(E18="",F18=""),"Missing Date/Time",IFERROR(IF(F18>E18,"Arrival After Appointment","OK"),"Check Format")) -> OK | X18: =IF(OR(F18="",G18=""),"Missing Date/Time",IFERROR(IF(G18<F18,"Discharge Before Arrival","OK"),"Check Format")) -> OK
A19: A00018 | B19: P10097 | C19: Belfast City Hospital | D19: A&E | E19: 45613.573 | G19: 45613.599 | I19: M | K19: 0 | L19: 37 | M19: Walk-in | N19: BT7 | O19: 6 | P19: Yes | Q19: 114.19 | R19: HIS | S19: =COUNTIF(A:A,A19) -> 1 | T19: =IF(OR(H19="",LOWER(TRIM(H19&""))="missing",LOWER(TRIM(H19&""))=""),"Missing/",IFERROR(IF(OR(VALUE(H19)<0,VALUE(H19)>110),"Invalid","Valid"),"Check Format")) -> Missing/ | U19: =IF(Raw_Data[[#This Row],[Age_Check]]="Valid",H19,"") | V19: =IF(OR(K19="",UPPER(TRIM(K19&""))="",LOWER(TRIM(K19&""))="",LOWER(TRIM(K19&""))="",LOWER(TRIM(K19&""))="missing"),"Missing/",IFERROR(IF(VALUE(K19)<0,"Invalid","Valid"),"Check Format")) -> Valid | W19: =IF(OR(E19="",F19=""),"Missing Date/Time",IFERROR(IF(F19>E19,"Arrival After Appointment","OK"),"Check Format")) -> Missing Date/Time | X19: =IF(OR(F19="",G19=""),"Missing Date/Time",IFERROR(IF(G19<F19,"Discharge Before Arrival","OK"),"Check Format")) -> Missing Date/Time
A20: A00019 | B20: P10215 | C20: Mater Hospital | D20: Orthopedics | E20: 45710.521 | F20: 45710.501 | G20: 45710.574 | J20: Pending | K20: 34 | L20: 43 | M20: GP | N20: BT12 | O20: 0 | Q20: 227.48 | R20: LegacyDB | S20: =COUNTIF(A:A,A20) -> 1 | T20: =IF(OR(H20="",LOWER(TRIM(H20&""))="missing",LOWER(TRIM(H20&""))=""),"Missing/",IFERROR(IF(OR(VALUE(H20)<0,VALUE(H20)>110),"Invalid","Valid"),"Check Format")) -> Missing/ | U20: =IF(Raw_Data[[#This Row],[Age_Check]]="Valid",H20,"") | V20: =IF(OR(K20="",UPPER(TRIM(K20&""))="",LOWER(TRIM(K20&""))="",LOWER(TRIM(K20&""))="",LOWER(TRIM(K20&""))="missing"),"Missing/",IFERROR(IF(VALUE(K20)<0,"Invalid","Valid"),"Check Format")) -> Valid | W20: =IF(OR(E20="",F20=""),"Missing Date/Time",IFERROR(IF(F20>E20,"Arrival After Appointment","OK"),"Check Format")) -> OK | X20: =IF(OR(F20="",G20=""),"Missing Date/Time",IFERROR(IF(G20<F20,"Discharge Before Arrival","OK"),"Check Format")) -> OK
A21: A00020 | B21: P10419 | C21: Ulster Hospital | D21: Out Patient | E21: 04-29-2025 18:10 | F21: 45776.752 | G21: 45776.831 | H21: 18 | I21: M | J21: Cancelled | K21: 90 | L21: 16 | M21: Online | O21: 0 | P21: No | Q21: 120.26 | R21: HIS | S21: =COUNTIF(A:A,A21) -> 1 | T21: =IF(OR(H21="",LOWER(TRIM(H21&""))="missing",LOWER(TRIM(H21&""))=""),"Missing/",IFERROR(IF(OR(VALUE(H21)<0,VALUE(H21)>110),"Invalid","Valid"),"Check Format")) -> Valid | U21: =IF(Raw_Data[[#This Row],[Age_Check]]="Valid",H21,"") -> 18 | V21: =IF(OR(K21="",UPPER(TRIM(K21&""))="",LOWER(TRIM(K21&""))="",LOWER(TRIM(K21&""))="",LOWER(TRIM(K21&""))="missing"),"Missing/",IFERROR(IF(VALUE(K21)<0,"Invalid","Valid"),"Check Format")) -> Valid | W21: =IF(OR(E21="",F21=""),"Missing Date/Time",IFERROR(IF(F21>E21,"Arrival After Appointment","OK"),"Check Format")) -> OK | X21: =IF(OR(F21="",G21=""),"Missing Date/Time",IFERROR(IF(G21<F21,"Discharge Before Arrival","OK"),"Check Format")) -> OK
A22: A00021 | B22: P10285 | C22: Ulster Hospital | D22: Accident & Emergency | E22: 45297.354 | F22: 45297.352 | G22: 45297.436 | H22: 145 | J22: D | K22: 69 | L22: 49 | M22: Walk-in | N22: BT9 | O22: 0 | Q22: 106.67 | R22: HIS | S22: =COUNTIF(A:A,A22) -> 1 | T22: =IF(OR(H22="",LOWER(TRIM(H22&""))="missing",LOWER(TRIM(H22&""))=""),"Missing/",IFERROR(IF(OR(VALUE(H22)<0,VALUE(H22)>110),"Invalid","Valid"),"Check Format")) -> Invalid | U22: =IF(Raw_Data[[#This Row],[Age_Check]]="Valid",H22,"") | V22: =IF(OR(K22="",UPPER(TRIM(K22&""))="",LOWER(TRIM(K22&""))="",LOWER(TRIM(K22&""))="",LOWER(TRIM(K22&""))="missing"),"Missing/",IFERROR(IF(VALUE(K22)<0,"Invalid","Valid"),"Check Format")) -> Valid | W22: =IF(OR(E22="",F22=""),"Missing Date/Time",IFERROR(IF(F22>E22,"Arrival After Appointment","OK"),"Check Format")) -> OK | X22: =IF(OR(F22="",G22=""),"Missing Date/Time",IFERROR(IF(G22<F22,"Discharge Before Arrival","OK"),"Check Format")) -> OK
A23: A00022 | B23: P10122 | C23: Belfast City Hospital | D23: Neurology | E23: 45557.451 | F23: 45557.436 | G23: 45557.495 | J23: Pending | K23: 51 | L23: 12 | M23: Emergency | N23: BT7 | O23: 0 | P23: No | Q23: 49.3 | R23: ClinicSystem | S23: =COUNTIF(A:A,A23) -> 1 | T23: =IF(OR(H23="",LOWER(TRIM(H23&""))="missing",LOWER(TRIM(H23&""))=""),"Missing/",IFERROR(IF(OR(VALUE(H23)<0,VALUE(H23)>110),"Invalid","Valid"),"Check Format")) -> Missing/ | U23: =IF(Raw_Data[[#This Row],[Age_Check]]="Valid",H23,"") | V23: =IF(OR(K23="",UPPER(TRIM(K23&""))="",LOWER(TRIM(K23&""))="",LOWER(TRIM(K23&""))="",LOWER(TRIM(K23&""))="missing"),"Missing/",IFERROR(IF(VALUE(K23)<0,"Invalid","Valid"),"Check Format")) -> Valid | W23: =IF(OR(E23="",F23=""),"Missing Date/Time",IFERROR(IF(F23>E23,"Arrival After Appointment","OK"),"Check Format")) -> OK | X23: =IF(OR(F23="",G23=""),"Missing Date/Time",IFERROR(IF(G23<F23,"Discharge Before Arrival","OK"),"Check Format")) -> OK
A24: A00023 | B24: P10194 | D24: CARDIOLOGY | E24: 45717.302 | G24: 45717.401 | H24: 145 | J24: Completed | K24: 86 | L24: 56 | M24: Specialist | N24: BT9 | O24: 0 | P24: No | R24: LegacyDB | S24: =COUNTIF(A:A,A24) -> 1 | T24: =IF(OR(H24="",LOWER(TRIM(H24&""))="missing",LOWER(TRIM(H24&""))=""),"Missing/",IFERROR(IF(OR(VALUE(H24)<0,VALUE(H24)>110),"Invalid","Valid"),"Check Format")) -> Invalid | U24: =IF(Raw_Data[[#This Row],[Age_Check]]="Valid",H24,"") | V24: =IF(OR(K24="",UPPER(TRIM(K24&""))="",LOWER(TRIM(K24&""))="",LOWER(TRIM(K24&""))="",LOWER(TRIM(K24&""))="missing"),"Missing/",IFERROR(IF(VALUE(K24)<0,"Invalid","Valid"),"Check Format")) -> Valid | W24: =IF(OR(E24="",F24=""),"Missing Date/Time",IFERROR(IF(F24>E24,"Arrival After Appointment","OK"),"Check Format")) -> Missing Date/Time | X24: =IF(OR(F24="",G24=""),"Missing Date/Time",IFERROR(IF(G24<F24,"Discharge Before Arrival","OK"),"Check Format")) -> Missing Date/Time
A25: A00024 | B25: P10288 | C25: Belfast City Hospital | D25: Emergency | E25: 45770.406 | F25: 45770.397 | G25: 45770.479 | H25: 59 | I25: Non-binary | K25: 55 | L25: 50 | N25: BT15 | P25: Yes | Q25: 173.93 | R25: HIS | S25: =COUNTIF(A:A,A25) -> 1 | T25: =IF(OR(H25="",LOWER(TRIM(H25&""))="missing",LOWER(TRIM(H25&""))=""),"Missing/",IFERROR(IF(OR(VALUE(H25)<0,VALUE(H25)>110),"Invalid","Valid"),"Check Format")) -> Valid | U25: =IF(Raw_Data[[#This Row],[Age_Check]]="Valid",H25,"") -> 59 | V25: =IF(OR(K25="",UPPER(TRIM(K25&""))="",LOWER(TRIM(K25&""))="",LOWER(TRIM(K25&""))="",LOWER(TRIM(K25&""))="missing"),"Missing/",IFERROR(IF(VALUE(K25)<0,"Invalid","Valid"),"Check Format")) -> Valid | W25: =IF(OR(E25="",F25=""),"Missing Date/Time",IFERROR(IF(F25>E25,"Arrival After Appointment","OK"),"Check Format")) -> OK | X25: =IF(OR(F25="",G25=""),"Missing Date/Time",IFERROR(IF(G25<F25,"Discharge Before Arrival","OK"),"Check Format")) -> OK
A26: A00025 | B26: P10332 | C26: Royal Victoria Hospital | D26: Emergency | E26: 03-24-2024 14:00 | F26: 45375.569 | H26: 31 | I26: F | K26: 35 | L26: 38 | M26: Self-referral | N26: BT9 | P26: Yes | Q26: 268.04 | R26: ClinicSystem | S26: =COUNTIF(A:A,A26) -> 1 | T26: =IF(OR(H26="",LOWER(TRIM(H26&""))="missing",LOWER(TRIM(H26&""))=""),"Missing/",IFERROR(IF(OR(VALUE(H26)<0,VALUE(H26)>110),"Invalid","Valid"),"Check Format")) -> Valid | U26: =IF(Raw_Data[[#This Row],[Age_Check]]="Valid",H26,"") -> 31 | V26: =IF(OR(K26="",UPPER(TRIM(K26&""))="",LOWER(TRIM(K26&""))="",LOWER(TRIM(K26&""))="",LOWER(TRIM(K26&""))="missing"),"Missing/",IFERROR(IF(VALUE(K26)<0,"Invalid","Valid"),"Check Format")) -> Valid | W26: =IF(OR(E26="",F26=""),"Missing Date/Time",IFERROR(IF(F26>E26,"Arrival After Appointment","OK"),"Check Format")) -> OK | X26: =IF(OR(F26="",G26=""),"Missing Date/Time",IFERROR(IF(G26<F26,"Discharge Before Arrival","OK"),"Check Format")) -> Missing Date/Time
A27: A00026 | B27: P10055 | C27: Belfast City Hospital | D27: Neurology | E27: 45912.705 | F27: 45912.692 | G27: 45912.785 | I27: M | J27: Cancelled | K27: 56 | L27: 60 | M27: Emergency | Q27: 0 | R27: Legacy DB | S27: =COUNTIF(A:A,A27) -> 1 | T27: =IF(OR(H27="",LOWER(TRIM(H27&""))="missing",LOWER(TRIM(H27&""))=""),"Missing/",IFERROR(IF(OR(VALUE(H27)<0,VALUE(H27)>110),"Invalid","Valid"),"Check Format")) -> Missing/ | U27: =IF(Raw_Data[[#This Row],[Age_Check]]="Valid",H27,"") | V27: =IF(OR(K27="",UPPER(TRIM(K27&""))="",LOWER(TRIM(K27&""))="",LOWER(TRIM(K27&""))="",LOWER(TRIM(K27&""))="missing"),"Missing/",IFERROR(IF(VALUE(K27)<0,"Invalid","Valid"),"Check Format")) -> Valid | W27: =IF(OR(E27="",F27=""),"Missing Date/Time",IFERROR(IF(F27>E27,"Arrival After Appointment","OK"),"Check Format")) -> OK | X27: =IF(OR(F27="",G27=""),"Missing Date/Time",IFERROR(IF(G27<F27,"Discharge Before Arrival","OK"),"Check Format")) -> OK
A28: A00027 | B28: P10259 | C28: RVH | D28: Pediatrics | E28: 45628.528 | G28: 45334.61 | I28: Prefer not to say | J28: Completed | K28: 86 | L28: 33 | M28: Online | N28: BT7 | P28: Yes | Q28: 121.08 | R28: LegacyDB | S28: =COUNTIF(A:A,A28) -> 1 | T28: =IF(OR(H28="",LOWER(TRIM(H28&""))="missing",LOWER(TRIM(H28&""))=""),"Missing/",IFERROR(IF(OR(VALUE(H28)<0,VALUE(H28)>110),"Invalid","Valid"),"Check Format")) -> Missing/ | U28: =IF(Raw_Data[[#This Row],[Age_Check]]="Valid",H28,"") | V28: =IF(OR(K28="",UPPER(TRIM(K28&""))="",LOWER(TRIM(K28&""))="",LOWER(TRIM(K28&""))="",LOWER(TRIM(K28&""))="missing"),"Missing/",IFERROR(IF(VALUE(K28)<0,"Invalid","Valid"),"Check Format")) -> Valid | W28: =IF(OR(E28="",F28=""),"Missing Date/Time",IFERROR(IF(F28>E28,"Arrival After Appointment","OK"),"Check Format")) -> Missing Date/Time | X28: =IF(OR(F28="",G28=""),"Missing Date/Time",IFERROR(IF(G28<F28,"Discharge Before Arrival","OK"),"Check Format")) -> Missing Date/Time
A29: A00028 | B29: P10142 | D29: Cardiology | E29: 45768.58 | F29: 45768.57 | G29: 45768.626 | I29: F | J29: Pending | K29: 61 | L29: 5 | M29: Online | N29: BT15 | O29: 4 | P29: Yes | Q29: 127.43 | R29: LegacyDB | S29: =COUNTIF(A:A,A29) -> 1 | T29: =IF(OR(H29="",LOWER(TRIM(H29&""))="missing",LOWER(TRIM(H29&""))=""),"Missing/",IFERROR(IF(OR(VALUE(H29)<0,VALUE(H29)>110),"Invalid","Valid"),"Check Format")) -> Missing/ | U29: =IF(Raw_Data[[#This Row],[Age_Check]]="Valid",H29,"") | V29: =IF(OR(K29="",UPPER(TRIM(K29&""))="",LOWER(TRIM(K29&""))="",LOWER(TRIM(K29&""))="",LOWER(TRIM(K29&""))="missing"),"Missing/",IFERROR(IF(VALUE(K29)<0,"Invalid","Valid"),"Check Format")) -> Valid | W29: =IF(OR(E29="",F29=""),"Missing Date/Time",IFERROR(IF(F29>E29,"Arrival After Appointment","OK"),"Check Format")) -> OK | X29: =IF(OR(F29="",G29=""),"Missing Date/Time",IFERROR(IF(G29<F29,"Discharge Before Arrival","OK"),"Check Format")) -> OK
A30: A00029 | B30: P10208 | D30: A&E | E30: 45861.319 | F30: 45861.315 | G30: 45861.408 | I30: M | J30: D | K30: 70 | L30: 58 | M30: GP | N30: BT2 | O30: 0 | P30: No | Q30: 103.54 | R30: Legacy DB | S30: =COUNTIF(A:A,A30) -> 1 | T30: =IF(OR(H30="",LOWER(TRIM(H30&""))="missing",LOWER(TRIM(H30&""))=""),"Missing/",IFERROR(IF(OR(VALUE(H30)<0,VALUE(H30)>110),"Invalid","Valid"),"Check Format")) -> Missing/ | U30: =IF(Raw_Data[[#This Row],[Age_Check]]="Valid",H30,"") | V30: =IF(OR(K30="",UPPER(TRIM(K30&""))="",LOWER(TRIM(K30&""))="",LOWER(TRIM(K30&""))="",LOWER(TRIM(K30&""))="missing"),"Missing/",IFERROR(IF(VALUE(K30)<0,"Invalid","Valid"),"Check Format")) -> Valid | W30: =IF(OR(E30="",F30=""),"Missing Date/Time",IFERROR(IF(F30>E30,"Arrival After Appointment","OK"),"Check Format")) -> OK | X30: =IF(OR(F30="",G30=""),"Missing Date/Time",IFERROR(IF(G30<F30,"Discharge Before Arrival","OK"),"Check Format")) -> OK
A31: A00030 | B31: P10118 | C31: Royal Victoria Hospital | D31: Out Patient | E31: 07-17-2025 12:25 | F31: 45855.51 | H31: 88 | I31: M | J31: Cancelled | K31: 29 | L31: 22 | M31: Specialist | N31: BT9 | O31: 6 | P31: Yes | Q31: 218.23 | R31: HIS | S31: =COUNTIF(A:A,A31) -> 1 | T31: =IF(OR(H31="",LOWER(TRIM(H31&""))="missing",LOWER(TRIM(H31&""))=""),"Missing/",IFERROR(IF(OR(VALUE(H31)<0,VALUE(H31)>110),"Invalid","Valid"),"Check Format")) -> Valid | U31: =IF(Raw_Data[[#This Row],[Age_Check]]="Valid",H31,"") -> 88 | V31: =IF(OR(K31="",UPPER(TRIM(K31&""))="",LOWER(TRIM(K31&""))="",LOWER(TRIM(K31&""))="",LOWER(TRIM(K31&""))="missing"),"Missing/",IFERROR(IF(VALUE(K31)<0,"Invalid","Valid"),"Check Format")) -> Valid | W31: =IF(OR(E31="",F31=""),"Missing Date/Time",IFERROR(IF(F31>E31,"Arrival After Appointment","OK"),"Check Format")) -> OK | X31: =IF(OR(F31="",G31=""),"Missing Date/Time",IFERROR(IF(G31<F31,"Discharge Before Arrival","OK"),"Check Format")) -> Missing Date/Time
A32: A00031 | B32: P10027 | C32: Belfast City Hospital | D32: Accident & Emergency | E32: 45423.33 | F32: 45601.327 | G32: 45601.393 | H32: 62 | K32: 69 | L32: 22 | M32: GP | N32: BT9 | P32: No | Q32: 186.06 | R32: LegacyDB | S32: =COUNTIF(A:A,A32) -> 1 | T32: =IF(OR(H32="",LOWER(TRIM(H32&""))="missing",LOWER(TRIM(H32&""))=""),"Missing/",IFERROR(IF(OR(VALUE(H32)<0,VALUE(H32)>110),"Invalid","Valid"),"Check Format")) -> Valid | U32: =IF(Raw_Data[[#This Row],[Age_Check]]="Valid",H32,"") -> 62 | V32: =IF(OR(K32="",UPPER(TRIM(K32&""))="",LOWER(TRIM(K32&""))="",LOWER(TRIM(K32&""))="",LOWER(TRIM(K32&""))="missing"),"Missing/",IFERROR(IF(VALUE(K32)<0,"Invalid","Valid"),"Check Format")) -> Valid | W32: =IF(OR(E32="",F32=""),"Missing Date/Time",IFERROR(IF(F32>E32,"Arrival After Appointment","OK"),"Check Format")) -> Arrival After Appointment | X32: =IF(OR(F32="",G32=""),"Missing Date/Time",IFERROR(IF(G32<F32,"Discharge Before Arrival","OK"),"Check Format")) -> OK
A33: A00032 | B33: P10155 | C33: Royal Victoria Hospital | D33: Accident & Emergency | E33: 45702.587 | F33: 45702.585 | G33: 45702.663 | H33: 145 | J33: Completed | K33: 61 | L33: 49 | M33: Specialist | O33: 0 | P33: Yes | Q33: 88.84 | R33: HIS | S33: =COUNTIF(A:A,A33) -> 1 | T33: =IF(OR(H33="",LOWER(TRIM(H33&""))="missing",LOWER(TRIM(H33&""))=""),"Missing/",IFERROR(IF(OR(VALUE(H33)<0,VALUE(H33)>110),"Invalid","Valid"),"Check Format")) -> Invalid | U33: =IF(Raw_Data[[#This Row],[Age_Check]]="Valid",H33,"") | V33: =IF(OR(K33="",UPPER(TRIM(K33&""))="",LOWER(TRIM(K33&""))="",LOWER(TRIM(K33&""))="",LOWER(TRIM(K33&""))="missing"),"Missing/",IFERROR(IF(VALUE(K33)<0,"Invalid","Valid"),"Check Format")) -> Valid | W33: =IF(OR(E33="",F33=""),"Missing Date/Time",IFERROR(IF(F33>E33,"Arrival After Appointment","OK"),"Check Format")) -> OK | X33: =IF(OR(F33="",G33=""),"Missing Date/Time",IFERROR(IF(G33<F33,"Discharge Before Arrival","OK"),"Check Format")) -> OK
A34: A00033 | B34: P10122 | C34: Mater Hospital | D34: Out Patient | E34: 45393.451 | F34: 45393.448 | H34: 145 | I34: M | J34: D | K34: 46 | L34: 24 | M34: GP | N34: BT1 | P34: Yes | Q34: 27.92 | R34: HIS | S34: =COUNTIF(A:A,A34) -> 1 | T34: =IF(OR(H34="",LOWER(TRIM(H34&""))="missing",LOWER(TRIM(H34&""))=""),"Missing/",IFERROR(IF(OR(VALUE(H34)<0,VALUE(H34)>110),"Invalid","Valid"),"Check Format")) -> Invalid | U34: =IF(Raw_Data[[#This Row],[Age_Check]]="Valid",H34,"") | V34: =IF(OR(K34="",UPPER(TRIM(K34&""))="",LOWER(TRIM(K34&""))="",LOWER(TRIM(K34&""))="",LOWER(TRIM(K34&""))="missing"),"Missing/",IFERROR(IF(VALUE(K34)<0,"Invalid","Valid"),"Check Format")) -> Valid | W34: =IF(OR(E34="",F34=""),"Missing Date/Time",IFERROR(IF(F34>E34,"Arrival After Appointment","OK"),"Check Format")) -> OK | X34: =IF(OR(F34="",G34=""),"Missing Date/Time",IFERROR(IF(G34<F34,"Discharge Before Arrival","OK"),"Check Format")) -> Missing Date/Time
A35: A00034 | B35: P10115 | C35: Mater Hospital | D35: CARDIOLOGY | E35: 45932.701 | F35: 45932.683 | G35: 45932.774 | J35: D | K35: 68 | L35: 36 | M35: GP | N35: BT9 | P35: Yes | Q35: 145.41 | R35: LegacyDB | S35: =COUNTIF(A:A,A35) -> 1 | T35: =IF(OR(H35="",LOWER(TRIM(H35&""))="missing",LOWER(TRIM(H35&""))=""),"Missing/",IFERROR(IF(OR(VALUE(H35)<0,VALUE(H35)>110),"Invalid","Valid"),"Check Format")) -> Missing/ | U35: =IF(Raw_Data[[#This Row],[Age_Check]]="Valid",H35,"") | V35: =IF(OR(K35="",UPPER(TRIM(K35&""))="",LOWER(TRIM(K35&""))="",LOWER(TRIM(K35&""))="",LOWER(TRIM(K35&""))="missing"),"Missing/",IFERROR(IF(VALUE(K35)<0,"Invalid","Valid"),"Check Format")) -> Valid | W35: =IF(OR(E35="",F35=""),"Missing Date/Time",IFERROR(IF(F35>E35,"Arrival After Appointment","OK"),"Check Format")) -> OK | X35: =IF(OR(F35="",G35=""),"Missing Date/Time",IFERROR(IF(G35<F35,"Discharge Before Arrival","OK"),"Check Format")) -> OK
A36: A00035 | B36: P10046 | C36: Ulster Hospital | D36: Paediatrics | E36: 45567.58 | F36: 45332.562 | G36: 45332.618 | I36: Non-binary | J36: Discharged | K36: 49 | L36: 6 | M36: GP | N36: BT7 | P36: No | Q36: 111.35 | R36: ClinicSystem | S36: =COUNTIF(A:A,A36) -> 1 | T36: =IF(OR(H36="",LOWER(TRIM(H36&""))="missing",LOWER(TRIM(H36&""))=""),"Missing/",IFERROR(IF(OR(VALUE(H36)<0,VALUE(H36)>110),"Invalid","Valid"),"Check Format")) -> Missing/ | U36: =IF(Raw_Data[[#This Row],[Age_Check]]="Valid",H36,"") | V36: =IF(OR(K36="",UPPER(TRIM(K36&""))="",LOWER(TRIM(K36&""))="",LOWER(TRIM(K36&""))="",LOWER(TRIM(K36&""))="missing"),"Missing/",IFERROR(IF(VALUE(K36)<0,"Invalid","Valid"),"Check Format")) -> Valid | W36: =IF(OR(E36="",F36=""),"Missing Date/Time",IFERROR(IF(F36>E36,"Arrival After Appointment","OK"),"Check Format")) -> OK | X36: =IF(OR(F36="",G36=""),"Missing Date/Time",IFERROR(IF(G36<F36,"Discharge Before Arrival","OK"),"Check Format")) -> OK
A37: A00036 | B37: P10053 | C37: Mater Hospital | D37: Cardiology | F37: 45385.585 | G37: 45385.644 | H37: 145 | I37: F | J37: Completed | K37: 46 | L37: 17 | M37: Online | N37: BT2 | P37: Yes | Q37: 132.1 | R37: HIS | S37: =COUNTIF(A:A,A37) -> 1 | T37: =IF(OR(H37="",LOWER(TRIM(H37&""))="missing",LOWER(TRIM(H37&""))=""),"Missing/",IFERROR(IF(OR(VALUE(H37)<0,VALUE(H37)>110),"Invalid","Valid"),"Check Format")) -> Invalid | U37: =IF(Raw_Data[[#This Row],[Age_Check]]="Valid",H37,"") | V37: =IF(OR(K37="",UPPER(TRIM(K37&""))="",LOWER(TRIM(K37&""))="",LOWER(TRIM(K37&""))="",LOWER(TRIM(K37&""))="missing"),"Missing/",IFERROR(IF(VALUE(K37)<0,"Invalid","Valid"),"Check Format")) -> Valid | W37: =IF(OR(E37="",F37=""),"Missing Date/Time",IFERROR(IF(F37>E37,"Arrival After Appointment","OK"),"Check Format")) -> Missing Date/Time | X37: =IF(OR(F37="",G37=""),"Missing Date/Time",IFERROR(IF(G37<F37,"Discharge Before Arrival","OK"),"Check Format")) -> OK
A38: A00037 | B38: P10387 | D38: Outpatient | E38: 45907.604 | F38: 45847.588 | H38: 70 | I38: Non-binary | J38: Completed | K38: 72 | L38: 65 | M38: Online | N38: BT9 | P38: Yes | Q38: 158.97 | R38: ClinicSystem | S38: =COUNTIF(A:A,A38) -> 1 | T38: =IF(OR(H38="",LOWER(TRIM(H38&""))="missing",LOWER(TRIM(H38&""))=""),"Missing/",IFERROR(IF(OR(VALUE(H38)<0,VALUE(H38)>110),"Invalid","Valid"),"Check Format")) -> Valid | U38: =IF(Raw_Data[[#This Row],[Age_Check]]="Valid",H38,"") -> 70 | V38: =IF(OR(K38="",UPPER(TRIM(K38&""))="",LOWER(TRIM(K38&""))="",LOWER(TRIM(K38&""))="",LOWER(TRIM(K38&""))="missing"),"Missing/",IFERROR(IF(VALUE(K38)<0,"Invalid","Valid"),"Check Format")) -> Valid | W38: =IF(OR(E38="",F38=""),"Missing Date/Time",IFERROR(IF(F38>E38,"Arrival After Appointment","OK"),"Check Format")) -> OK | X38: =IF(OR(F38="",G38=""),"Missing Date/Time",IFERROR(IF(G38<F38,"Discharge Before Arrival","OK"),"Check Format")) -> Missing Date/Time
A39: A00038 | B39: P10366 | C39: Belfast City Hospital | D39: Pediatrics | E39: 45522.358 | F39: 45522.352 | G39: 45522.425 | H39: 60 | I39: M | J39: Cancelled | K39: 67 | L39: 30 | M39: Self-referral | N39: BT7 | O39: 6 | P39: No | Q39: 0 | R39: HIS | S39: =COUNTIF(A:A,A39) -> 1 | T39: =IF(OR(H39="",LOWER(TRIM(H39&""))="missing",LOWER(TRIM(H39&""))=""),"Missing/",IFERROR(IF(OR(VALUE(H39)<0,VALUE(H39)>110),"Invalid","Valid"),"Check Format")) -> Valid | U39: =IF(Raw_Data[[#This Row],[Age_Check]]="Valid",H39,"") -> 60 | V39: =IF(OR(K39="",UPPER(TRIM(K39&""))="",LOWER(TRIM(K39&""))="",LOWER(TRIM(K39&""))="",LOWER(TRIM(K39&""))="missing"),"Missing/",IFERROR(IF(VALUE(K39)<0,"Invalid","Valid"),"Check Format")) -> Valid | W39: =IF(OR(E39="",F39=""),"Missing Date/Time",IFERROR(IF(F39>E39,"Arrival After Appointment","OK"),"Check Format")) -> OK | X39: =IF(OR(F39="",G39=""),"Missing Date/Time",IFERROR(IF(G39<F39,"Discharge Before Arrival","OK"),"Check Format")) -> OK
A40: A00039 | B40: P10296 | D40: Oncology | E40: 2025-19-40 12:30 | F40: 45811.449 | G40: 45811.521 | H40: 145 | J40: Pending | K40: 57 | L40: 33 | N40: BT9 | P40: No | Q40: 342.06 | R40: ClinicSystem | S40: =COUNTIF(A:A,A40) -> 1 | T40: =IF(OR(H40="",LOWER(TRIM(H40&""))="missing",LOWER(TRIM(H40&""))=""),"Missing/",IFERROR(IF(OR(VALUE(H40)<0,VALUE(H40)>110),"Invalid","Valid"),"Check Format")) -> Invalid | U40: =IF(Raw_Data[[#This Row],[Age_Check]]="Valid",H40,"") | V40: =IF(OR(K40="",UPPER(TRIM(K40&""))="",LOWER(TRIM(K40&""))="",LOWER(TRIM(K40&""))="",LOWER(TRIM(K40&""))="missing"),"Missing/",IFERROR(IF(VALUE(K40)<0,"Invalid","Valid"),"Check Format")) -> Valid | W40: =IF(OR(E40="",F40=""),"Missing Date/Time",IFERROR(IF(F40>E40,"Arrival After Appointment","OK"),"Check Format")) -> OK | X40: =IF(OR(F40="",G40=""),"Missing Date/Time",IFERROR(IF(G40<F40,"Discharge Before Arrival","OK"),"Check Format")) -> OK
A41: A00040 | B41: P10018 | C41: Mater Hospital | D41: Pediatrics | E41: 45776.771 | F41: 45776.758 | G41: 45776.832 | H41: 12 | J41: Completed | K41: 51 | L41: 37 | M41: Online | N41: BT1 | P41: No | Q41: 142.22 | R41: LegacyDB | S41: =COUNTIF(A:A,A41) -> 1 | T41: =IF(OR(H41="",LOWER(TRIM(H41&""))="missing",LOWER(TRIM(H41&""))=""),"Missing/",IFERROR(IF(OR(VALUE(H41)<0,VALUE(H41)>110),"Invalid","Valid"),"Check Format")) -> Valid | U41: =IF(Raw_Data[[#This Row],[Age_Check]]="Valid",H41,"") -> 12 | V41: =IF(OR(K41="",UPPER(TRIM(K41&""))="",LOWER(TRIM(K41&""))="",LOWER(TRIM(K41&""))="",LOWER(TRIM(K41&""))="missing"),"Missing/",IFERROR(IF(VALUE(K41)<0,"Invalid","Valid"),"Check Format")) -> Valid | W41: =IF(OR(E41="",F41=""),"Missing Date/Time",IFERROR(IF(F41>E41,"Arrival After Appointment","OK"),"Check Format")) -> OK | X41: =IF(OR(F41="",G41=""),"Missing Date/Time",IFERROR(IF(G41<F41,"Discharge Before Arrival","OK"),"Check Format")) -> OK
A42: A00041 | B42: P10018 | C42: Royal Victoria Hospital | D42: Cardiology | E42: 45628.736 | F42: 45628.722 | G42: 45628.784 | H42: 29 | I42: F | J42: Completed | K42: 17 | L42: 52 | M42: Emergency | N42: BT2 | P42: Yes | Q42: 205.15 | R42: HIS | S42: =COUNTIF(A:A,A42) -> 1 | T42: =IF(OR(H42="",LOWER(TRIM(H42&""))="missing",LOWER(TRIM(H42&""))=""),"Missing/",IFERROR(IF(OR(VALUE(H42)<0,VALUE(H42)>110),"Invalid","Valid"),"Check Format")) -> Valid | U42: =IF(Raw_Data[[#This Row],[Age_Check]]="Valid",H42,"") -> 29 | V42: =IF(OR(K42="",UPPER(TRIM(K42&""))="",LOWER(TRIM(K42&""))="",LOWER(TRIM(K42&""))="",LOWER(TRIM(K42&""))="missing"),"Missing/",IFERROR(IF(VALUE(K42)<0,"Invalid","Valid"),"Check Format")) -> Valid | W42: =IF(OR(E42="",F42=""),"Missing Date/Time",IFERROR(IF(F42>E42,"Arrival After Appointment","OK"),"Check Format")) -> OK | X42: =IF(OR(F42="",G42=""),"Missing Date/Time",IFERROR(IF(G42<F42,"Discharge Before Arrival","OK"),"Check Format")) -> OK
A43: A00042 | B43: P10089 | C43: Royal Victoria Hospital | D43: CARDIOLOGY | E43: 45733.385 | F43: 45733.377 | G43: 45733.455 | H43: 145 | I43: F | K43: 85 | L43: 15 | M43: Specialist | N43: BT9 | P43: No | R43: HIS | S43: =COUNTIF(A:A,A43) -> 1 | T43: =IF(OR(H43="",LOWER(TRIM(H43&""))="missing",LOWER(TRIM(H43&""))=""),"Missing/",IFERROR(IF(OR(VALUE(H43)<0,VALUE(H43)>110),"Invalid","Valid"),"Check Format")) -> Invalid | U43: =IF(Raw_Data[[#This Row],[Age_Check]]="Valid",H43,"") | V43: =IF(OR(K43="",UPPER(TRIM(K43&""))="",LOWER(TRIM(K43&""))="",LOWER(TRIM(K43&""))="",LOWER(TRIM(K43&""))="missing"),"Missing/",IFERROR(IF(VALUE(K43)<0,"Invalid","Valid"),"Check Format")) -> Valid | W43: =IF(OR(E43="",F43=""),"Missing Date/Time",IFERROR(IF(F43>E43,"Arrival After Appointment","OK"),"Check Format")) -> OK | X43: =IF(OR(F43="",G43=""),"Missing Date/Time",IFERROR(IF(G43<F43,"Discharge Before Arrival","OK"),"Check Format")) -> OK
A44: A00043 | B44: P10128 | D44: Pediatrics | E44: 45744.531 | F44: 45744.527 | G44: 45744.61 | H44: 13 | I44: F | J44: Pending | L44: 6 | M44: Walk-in | O44: 3 | Q44: 191.95 | R44: LegacyDB | S44: =COUNTIF(A:A,A44) -> 1 | T44: =IF(OR(H44="",LOWER(TRIM(H44&""))="missing",LOWER(TRIM(H44&""))=""),"Missing/",IFERROR(IF(OR(VALUE(H44)<0,VALUE(H44)>110),"Invalid","Valid"),"Check Format")) -> Valid | U44: =IF(Raw_Data[[#This Row],[Age_Check]]="Valid",H44,"") -> 13 | V44: =IF(OR(K44="",UPPER(TRIM(K44&""))="",LOWER(TRIM(K44&""))="",LOWER(TRIM(K44&""))="",LOWER(TRIM(K44&""))="missing"),"Missing/",IFERROR(IF(VALUE(K44)<0,"Invalid","Valid"),"Check Format")) -> Missing/ | W44: =IF(OR(E44="",F44=""),"Missing Date/Time",IFERROR(IF(F44>E44,"Arrival After Appointment","OK"),"Check Format")) -> OK | X44: =IF(OR(F44="",G44=""),"Missing Date/Time",IFERROR(IF(G44<F44,"Discharge Before Arrival","OK"),"Check Format")) -> OK
A45: A00044 | B45: P10128 | C45: Mater Hospital | D45: Outpatient | E45: 45585.448 | F45: 45585.428 | G45: 45585.551 | I45: F | J45: Discharged | K45: 134 | L45: 14 | M45: Walk-in | N45: BT7 | P45: No | Q45: 99.7 | R45: ClinicSystem | S45: =COUNTIF(A:A,A45) -> 1 | T45: =IF(OR(H45="",LOWER(TRIM(H45&""))="missing",LOWER(TRIM(H45&""))=""),"Missing/",IFERROR(IF(OR(VALUE(H45)<0,VALUE(H45)>110),"Invalid","Valid"),"Check Format")) -> Missing/ | U45: =IF(Raw_Data[[#This Row],[Age_Check]]="Valid",H45,"") | V45: =IF(OR(K45="",UPPER(TRIM(K45&""))="",LOWER(TRIM(K45&""))="",LOWER(TRIM(K45&""))="",LOWER(TRIM(K45&""))="missing"),"Missing/",IFERROR(IF(VALUE(K45)<0,"Invalid","Valid"),"Check Format")) -> Valid | W45: =IF(OR(E45="",F45=""),"Missing Date/Time",IFERROR(IF(F45>E45,"Arrival After Appointment","OK"),"Check Format")) -> OK | X45: =IF(OR(F45="",G45=""),"Missing Date/Time",IFERROR(IF(G45<F45,"Discharge Before Arrival","OK"),"Check Format")) -> OK
A46: A00045 | B46: P10382 | C46: RVH | D46: Out Patient | E46: 45835.639 | F46: 45835.629 | G46: 45835.697 | I46: F | J46: No-show | K46: 61 | L46: 22 | M46: Walk-in | N46: BT2 | P46: Yes | Q46: 20.95 | R46: LegacyDB | S46: =COUNTIF(A:A,A46) -> 1 | T46: =IF(OR(H46="",LOWER(TRIM(H46&""))="missing",LOWER(TRIM(H46&""))=""),"Missing/",IFERROR(IF(OR(VALUE(H46)<0,VALUE(H46)>110),"Invalid","Valid"),"Check Format")) -> Missing/ | U46: =IF(Raw_Data[[#This Row],[Age_Check]]="Valid",H46,"") | V46: =IF(OR(K46="",UPPER(TRIM(K46&""))="",LOWER(TRIM(K46&""))="",LOWER(TRIM(K46&""))="",LOWER(TRIM(K46&""))="missing"),"Missing/",IFERROR(IF(VALUE(K46)<0,"Invalid","Valid"),"Check Format")) -> Valid | W46: =IF(OR(E46="",F46=""),"Missing Date/Time",IFERROR(IF(F46>E46,"Arrival After Appointment","OK"),"Check Format")) -> OK | X46: =IF(OR(F46="",G46=""),"Missing Date/Time",IFERROR(IF(G46<F46,"Discharge Before Arrival","OK"),"Check Format")) -> OK
A47: A00046 | B47: P10287 | C47: RVH | D47: Orthopaedics | E47: 45945.503 | F47: 45945.499 | G47: 45945.553 | I47: Non-binary | J47: D | K47: 60 | L47: 12 | N47: BT2 | O47: 2 | P47: Yes | Q47: 182.89 | R47: HIS | S47: =COUNTIF(A:A,A47) -> 1 | T47: =IF(OR(H47="",LOWER(TRIM(H47&""))="missing",LOWER(TRIM(H47&""))=""),"Missing/",IFERROR(IF(OR(VALUE(H47)<0,VALUE(H47)>110),"Invalid","Valid"),"Check Format")) -> Missing/ | U47: =IF(Raw_Data[[#This Row],[Age_Check]]="Valid",H47,"") | V47: =IF(OR(K47="",UPPER(TRIM(K47&""))="",LOWER(TRIM(K47&""))="",LOWER(TRIM(K47&""))="",LOWER(TRIM(K47&""))="missing"),"Missing/",IFERROR(IF(VALUE(K47)<0,"Invalid","Valid"),"Check Format")) -> Valid | W47: =IF(OR(E47="",F47=""),"Missing Date/Time",IFERROR(IF(F47>E47,"Arrival After Appointment","OK"),"Check Format")) -> OK | X47: =IF(OR(F47="",G47=""),"Missing Date/Time",IFERROR(IF(G47<F47,"Discharge Before Arrival","OK"),"Check Format")) -> OK
A48: A00047 | B48: P10335 | C48: Royal Victoria Hospital | D48: CARDIOLOGY | E48: 45756.535 | F48: 45756.522 | G48: 45756.593 | I48: Prefer not to say | K48: 25 | L48: 59 | M48: Specialist | N48: BT9 | P48: Yes | Q48: 82.34 | R48: LegacyDB | S48: =COUNTIF(A:A,A48) -> 1 | T48: =IF(OR(H48="",LOWER(TRIM(H48&""))="missing",LOWER(TRIM(H48&""))=""),"Missing/",IFERROR(IF(OR(VALUE(H48)<0,VALUE(H48)>110),"Invalid","Valid"),"Check Format")) -> Missing/ | U48: =IF(Raw_Data[[#This Row],[Age_Check]]="Valid",H48,"") | V48: =IF(OR(K48="",UPPER(TRIM(K48&""))="",LOWER(TRIM(K48&""))="",LOWER(TRIM(K48&""))="",LOWER(TRIM(K48&""))="missing"),"Missing/",IFERROR(IF(VALUE(K48)<0,"Invalid","Valid"),"Check Format")) -> Valid | W48: =IF(OR(E48="",F48=""),"Missing Date/Time",IFERROR(IF(F48>E48,"Arrival After Appointment","OK"),"Check Format")) -> OK | X48: =IF(OR(F48="",G48=""),"Missing Date/Time",IFERROR(IF(G48<F48,"Discharge Before Arrival","OK"),"Check Format")) -> OK
A49: A00048 | B49: P10339 | C49: Ulster Hospital | D49: GP Referral | E49: 45699.469 | F49: 45699.456 | G49: 45699.533 | H49: 42 | I49: F | J49: Cancelled | K49: 46 | L49: 46 | M49: Specialist | N49: BT2 | O49: 6 | P49: No | Q49: 46.53 | R49: ClinicSystem | S49: =COUNTIF(A:A,A49) -> 1 | T49: =IF(OR(H49="",LOWER(TRIM(H49&""))="missing",LOWER(TRIM(H49&""))=""),"Missing/",IFERROR(IF(OR(VALUE(H49)<0,VALUE(H49)>110),"Invalid","Valid"),"Check Format")) -> Valid | U49: =IF(Raw_Data[[#This Row],[Age_Check]]="Valid",H49,"") -> 42 | V49: =IF(OR(K49="",UPPER(TRIM(K49&""))="",LOWER(TRIM(K49&""))="",LOWER(TRIM(K49&""))="",LOWER(TRIM(K49&""))="missing"),"Missing/",IFERROR(IF(VALUE(K49)<0,"Invalid","Valid"),"Check Format")) -> Valid | W49: =IF(OR(E49="",F49=""),"Missing Date/Time",IFERROR(IF(F49>E49,"Arrival After Appointment","OK"),"Check Format")) -> OK | X49: =IF(OR(F49="",G49=""),"Missing Date/Time",IFERROR(IF(G49<F49,"Discharge Before Arrival","OK"),"Check Format")) -> OK
A50: A00049 | B50: P10056 | C50: Belfast City Hospital | D50: Orthopedics | E50: 45352.465 | F50: 45294.458 | G50: 45294.549 | I50: F | J50: No-show | K50: 65 | L50: 55 | M50: Self-referral | N50: BT12 | P50: No | Q50: 16.4 | R50: HIS | S50: =COUNTIF(A:A,A50) -> 1 | T50: =IF(OR(H50="",LOWER(TRIM(H50&""))="missing",LOWER(TRIM(H50&""))=""),"Missing/",IFERROR(IF(OR(VALUE(H50)<0,VALUE(H50)>110),"Invalid","Valid"),"Check Format")) -> Missing/ | U50: =IF(Raw_Data[[#This Row],[Age_Check]]="Valid",H50,"") | V50: =IF(OR(K50="",UPPER(TRIM(K50&""))="",LOWER(TRIM(K50&""))="",LOWER(TRIM(K50&""))="",LOWER(TRIM(K50&""))="missing"),"Missing/",IFERROR(IF(VALUE(K50)<0,"Invalid","Valid"),"Check Format")) -> Valid | W50: =IF(OR(E50="",F50=""),"Missing Date/Time",IFERROR(IF(F50>E50,"Arrival After Appointment","OK"),"Check Format")) -> OK | X50: =IF(OR(F50="",G50=""),"Missing Date/Time",IFERROR(IF(G50<F50,"Discharge Before Arrival","OK"),"Check Format")) -> OK
A51: A00050 | B51: P10401 | C51: Belfast City Hospital | D51: Paediatrics | E51: 45403.611 | F51: 45403.59 | I51: M | J51: D | K51: 64 | L51: 36 | M51: Online | N51: BT9 | P51: Yes | Q51: 207.55 | R51: ClinicSystem | S51: =COUNTIF(A:A,A51) -> 1 | T51: =IF(OR(H51="",LOWER(TRIM(H51&""))="missing",LOWER(TRIM(H51&""))=""),"Missing/",IFERROR(IF(OR(VALUE(H51)<0,VALUE(H51)>110),"Invalid","Valid"),"Check Format")) -> Missing/ | U51: =IF(Raw_Data[[#This Row],[Age_Check]]="Valid",H51,"") | V51: =IF(OR(K51="",UPPER(TRIM(K51&""))="",LOWER(TRIM(K51&""))="",LOWER(TRIM(K51&""))="",LOWER(TRIM(K51&""))="missing"),"Missing/",IFERROR(IF(VALUE(K51)<0,"Invalid","Valid"),"Check Format")) -> Valid | W51: =IF(OR(E51="",F51=""),"Missing Date/Time",IFERROR(IF(F51>E51,"Arrival After Appointment","OK"),"Check Format")) -> OK | X51: =IF(OR(F51="",G51=""),"Missing Date/Time",IFERROR(IF(G51<F51,"Discharge Before Arrival","OK"),"Check Format")) -> Missing Date/Time
A52: A00051 | B52: P10309 | C52: Mater Hospital | D52: Out Patient | E52: 45624.573 | F52: 45624.558 | H52: 145 | I52: M | K52: 14 | L52: 8 | N52: BT9 | Q52: 186.76 | R52: HIS | S52: =COUNTIF(A:A,A52) -> 1 | T52: =IF(OR(H52="",LOWER(TRIM(H52&""))="missing",LOWER(TRIM(H52&""))=""),"Missing/",IFERROR(IF(OR(VALUE(H52)<0,VALUE(H52)>110),"Invalid","Valid"),"Check Format")) -> Invalid | U52: =IF(Raw_Data[[#This Row],[Age_Check]]="Valid",H52,"") | V52: =IF(OR(K52="",UPPER(TRIM(K52&""))="",LOWER(TRIM(K52&""))="",LOWER(TRIM(K52&""))="",LOWER(TRIM(K52&""))="missing"),"Missing/",IFERROR(IF(VALUE(K52)<0,"Invalid","Valid"),"Check Format")) -> Valid | W52: =IF(OR(E52="",F52=""),"Missing Date/Time",IFERROR(IF(F52>E52,"Arrival After Appointment","OK"),"Check Format")) -> OK | X52: =IF(OR(F52="",G52=""),"Missing Date/Time",IFERROR(IF(G52<F52,"Discharge Before Arrival","OK"),"Check Format")) -> Missing Date/Time
A53: A00052 | B53: P10047 | C53: Mater Hospital | D53: A&E | E53: 45553.507 | F53: 45553.491 | G53: 45553.579 | H53: 16 | J53: Cancelled | K53: 68 | L53: 36 | M53: Walk-in | N53: BT2 | Q53: 172.72 | R53: HIS | S53: =COUNTIF(A:A,A53) -> 1 | T53: =IF(OR(H53="",LOWER(TRIM(H53&""))="missing",LOWER(TRIM(H53&""))=""),"Missing/",IFERROR(IF(OR(VALUE(H53)<0,VALUE(H53)>110),"Invalid","Valid"),"Check Format")) -> Valid | U53: =IF(Raw_Data[[#This Row],[Age_Check]]="Valid",H53,"") -> 16 | V53: =IF(OR(K53="",UPPER(TRIM(K53&""))="",LOWER(TRIM(K53&""))="",LOWER(TRIM(K53&""))="",LOWER(TRIM(K53&""))="missing"),"Missing/",IFERROR(IF(VALUE(K53)<0,"Invalid","Valid"),"Check Format")) -> Valid | W53: =IF(OR(E53="",F53=""),"Missing Date/Time",IFERROR(IF(F53>E53,"Arrival After Appointment","OK"),"Check Format")) -> OK | X53: =IF(OR(F53="",G53=""),"Missing Date/Time",IFERROR(IF(G53<F53,"Discharge Before Arrival","OK"),"Check Format")) -> OK
A54: A00053 | B54: P10433 | C54: Royal Victoria Hospital | D54: Pediatrics | E54: 45883.635 | F54: 45883.624 | G54: 45883.684 | H54: 73 | I54: F | J54: No-show | K54: 34 | L54: 36 | M54: GP | O54: 1 | P54: Yes | Q54: 168.45 | R54: LegacyDB | S54: =COUNTIF(A:A,A54) -> 1 | T54: =IF(OR(H54="",LOWER(TRIM(H54&""))="missing",LOWER(TRIM(H54&""))=""),"Missing/",IFERROR(IF(OR(VALUE(H54)<0,VALUE(H54)>110),"Invalid","Valid"),"Check Format")) -> Valid | U54: =IF(Raw_Data[[#This Row],[Age_Check]]="Valid",H54,"") -> 73 | V54: =IF(OR(K54="",UPPER(TRIM(K54&""))="",LOWER(TRIM(K54&""))="",LOWER(TRIM(K54&""))="",LOWER(TRIM(K54&""))="missing"),"Missing/",IFERROR(IF(VALUE(K54)<0,"Invalid","Valid"),"Check Format")) -> Valid | W54: =IF(OR(E54="",F54=""),"Missing Date/Time",IFERROR(IF(F54>E54,"Arrival After Appointment","OK"),"Check Format")) -> OK | X54: =IF(OR(F54="",G54=""),"Missing Date/Time",IFERROR(IF(G54<F54,"Discharge Before Arrival","OK"),"Check Format")) -> OK
A55: A00054 | B55: P10324 | C55: Belfast City Hospital | D55: A&E | E55: 45438.701 | F55: 45438.69 | G55: 45438.769 | I55: F | J55: Completed | K55: 32 | L55: 65 | M55: Walk-in | N55: BT12 | O55: 6 | P55: Yes | Q55: 182.91 | R55: ClinicSystem | S55: =COUNTIF(A:A,A55) -> 1 | T55: =IF(OR(H55="",LOWER(TRIM(H55&""))="missing",LOWER(TRIM(H55&""))=""),"Missing/",IFERROR(IF(OR(VALUE(H55)<0,VALUE(H55)>110),"Invalid","Valid"),"Check Format")) -> Missing/ | U55: =IF(Raw_Data[[#This Row],[Age_Check]]="Valid",H55,"") | V55: =IF(OR(K55="",UPPER(TRIM(K55&""))="",LOWER(TRIM(K55&""))="",LOWER(TRIM(K55&""))="",LOWER(TRIM(K55&""))="missing"),"Missing/",IFERROR(IF(VALUE(K55)<0,"Invalid","Valid"),"Check Format")) -> Valid | W55: =IF(OR(E55="",F55=""),"Missing Date/Time",IFERROR(IF(F55>E55,"Arrival After Appointment","OK"),"Check Format")) -> OK | X55: =IF(OR(F55="",G55=""),"Missing Date/Time",IFERROR(IF(G55<F55,"Discharge Before Arrival","OK"),"Check Format")) -> OK
A56: A00055 | B56: P10139 | C56: Ulster Hospital | D56: Orthopaedics | E56: 45570.618 | F56: 45570.616 | G56: 45570.659 | J56: Completed | K56: 1440 | L56: 43 | M56: Online | O56: 1 | P56: No | Q56: 67.03 | R56: HIS | S56: =COUNTIF(A:A,A56) -> 1 | T56: =IF(OR(H56="",LOWER(TRIM(H56&""))="missing",LOWER(TRIM(H56&""))=""),"Missing/",IFERROR(IF(OR(VALUE(H56)<0,VALUE(H56)>110),"Invalid","Valid"),"Check Format")) -> Missing/ | U56: =IF(Raw_Data[[#This Row],[Age_Check]]="Valid",H56,"") | V56: =IF(OR(K56="",UPPER(TRIM(K56&""))="",LOWER(TRIM(K56&""))="",LOWER(TRIM(K56&""))="",LOWER(TRIM(K56&""))="missing"),"Missing/",IFERROR(IF(VALUE(K56)<0,"Invalid","Valid"),"Check Format")) -> Valid | W56: =IF(OR(E56="",F56=""),"Missing Date/Time",IFERROR(IF(F56>E56,"Arrival After Appointment","OK"),"Check Format")) -> OK | X56: =IF(OR(F56="",G56=""),"Missing Date/Time",IFERROR(IF(G56<F56,"Discharge Before Arrival","OK"),"Check Format")) -> OK
A57: A00056 | B57: P10220 | C57: Mater Hospital | D57: Emergency | E57: 45553.476 | F57: 45553.464 | G57: 45553.571 | I57: Prefer not to say | J57: Cancelled | K57: 85 | L57: 52 | M57: Emergency | N57: BT7 | O57: 1 | P57: No | Q57: 79.35 | R57: LegacyDB | S57: =COUNTIF(A:A,A57) -> 1 | T57: =IF(OR(H57="",LOWER(TRIM(H57&""))="missing",LOWER(TRIM(H57&""))=""),"Missing/",IFERROR(IF(OR(VALUE(H57)<0,VALUE(H57)>110),"Invalid","Valid"),"Check Format")) -> Missing/ | U57: =IF(Raw_Data[[#This Row],[Age_Check]]="Valid",H57,"") | V57: =IF(OR(K57="",UPPER(TRIM(K57&""))="",LOWER(TRIM(K57&""))="",LOWER(TRIM(K57&""))="",LOWER(TRIM(K57&""))="missing"),"Missing/",IFERROR(IF(VALUE(K57)<0,"Invalid","Valid"),"Check Format")) -> Valid | W57: =IF(OR(E57="",F57=""),"Missing Date/Time",IFERROR(IF(F57>E57,"Arrival After Appointment","OK"),"Check Format")) -> OK | X57: =IF(OR(F57="",G57=""),"Missing Date/Time",IFERROR(IF(G57<F57,"Discharge Before Arrival","OK"),"Check Format")) -> OK
A58: A00057 | B58: P10410 | D58: Emergency | E58: 45719.462 | F58: 45719.442 | G58: 45719.552 | H58: 13 | I58: F | J58: Completed | K58: 91 | L58: 39 | P58: No | Q58: 210.76 | R58: LegacyDB | S58: =COUNTIF(A:A,A58) -> 2 | T58: =IF(OR(H58="",LOWER(TRIM(H58&""))="missing",LOWER(TRIM(H58&""))=""),"Missing/",IFERROR(IF(OR(VALUE(H58)<0,VALUE(H58)>110),"Invalid","Valid"),"Check Format")) -> Valid | U58: =IF(Raw_Data[[#This Row],[Age_Check]]="Valid",H58,"") -> 13 | V58: =IF(OR(K58="",UPPER(TRIM(K58&""))="",LOWER(TRIM(K58&""))="",LOWER(TRIM(K58&""))="",LOWER(TRIM(K58&""))="missing"),"Missing/",IFERROR(IF(VALUE(K58)<0,"Invalid","Valid"),"Check Format")) -> Valid | W58: =IF(OR(E58="",F58=""),"Missing Date/Time",IFERROR(IF(F58>E58,"Arrival After Appointment","OK"),"Check Format")) -> OK | X58: =IF(OR(F58="",G58=""),"Missing Date/Time",IFERROR(IF(G58<F58,"Discharge Before Arrival","OK"),"Check Format")) -> OK
A59: A00059 | B59: P10302 | C59: Belfast City Hospital | D59: Pediatrics | E59: 03-26-2025 08:35 | F59: 45742.356 | G59: 45742.387 | H59: 57 | I59: Prefer not to say | J59: Cancelled | K59: 26 | L59: 17 | M59: GP | N59: BT2 | O59: 6 | P59: Yes | Q59: 138.83 | R59: Legacy DB | S59: =COUNTIF(A:A,A59) -> 1 | T59: =IF(OR(H59="",LOWER(TRIM(H59&""))="missing",LOWER(TRIM(H59&""))=""),"Missing/",IFERROR(IF(OR(VALUE(H59)<0,VALUE(H59)>110),"Invalid","Valid"),"Check Format")) -> Valid | U59: =IF(Raw_Data[[#This Row],[Age_Check]]="Valid",H59,"") -> 57 | V59: =IF(OR(K59="",UPPER(TRIM(K59&""))="",LOWER(TRIM(K59&""))="",LOWER(TRIM(K59&""))="",LOWER(TRIM(K59&""))="missing"),"Missing/",IFERROR(IF(VALUE(K59)<0,"Invalid","Valid"),"Check Format")) -> Valid | W59: =IF(OR(E59="",F59=""),"Missing Date/Time",IFERROR(IF(F59>E59,"Arrival After Appointment","OK"),"Check Format")) -> OK | X59: =IF(OR(F59="",G59=""),"Missing Date/Time",IFERROR(IF(G59<F59,"Discharge Before Arrival","OK"),"Check Format")) -> OK
A60: A00060 | B60: P10077 | C60: Belfast City Hospital | D60: Cardiology | E60: 45752.701 | F60: 45752.684 | G60: 45752.774 | H60: 43 | J60: D | K60: 69 | L60: 36 | M60: Self-referral | N60: BT1 | O60: 0 | P60: Yes | Q60: 211.17 | R60: ClinicSystem | S60: =COUNTIF(A:A,A60) -> 1 | T60: =IF(OR(H60="",LOWER(TRIM(H60&""))="missing",LOWER(TRIM(H60&""))=""),"Missing/",IFERROR(IF(OR(VALUE(H60)<0,VALUE(H60)>110),"Invalid","Valid"),"Check Format")) -> Valid | U60: =IF(Raw_Data[[#This Row],[Age_Check]]="Valid",H60,"") -> 43 | V60: =IF(OR(K60="",UPPER(TRIM(K60&""))="",LOWER(TRIM(K60&""))="",LOWER(TRIM(K60&""))="",LOWER(TRIM(K60&""))="missing"),"Missing/",IFERROR(IF(VALUE(K60)<0,"Invalid","Valid"),"Check Format")) -> Valid | W60: =IF(OR(E60="",F60=""),"Missing Date/Time",IFERROR(IF(F60>E60,"Arrival After Appointment","OK"),"Check Format")) -> OK | X60: =IF(OR(F60="",G60=""),"Missing Date/Time",IFERROR(IF(G60<F60,"Discharge Before Arrival","OK"),"Check Format")) -> OK
A61: A00061 | B61: P10168 | C61: Royal Victoria Hospital | D61: Neurology | E61: 45638.74 | F61: 45638.731 | G61: 45638.82 | H61: 145 | I61: F | J61: Completed | K61: 58 | L61: 58 | M61: Walk-in | N61: BT2 | P61: Yes | Q61: 123.83 | R61: HIS | S61: =COUNTIF(A:A,A61) -> 1 | T61: =IF(OR(H61="",LOWER(TRIM(H61&""))="missing",LOWER(TRIM(H61&""))=""),"Missing/",IFERROR(IF(OR(VALUE(H61)<0,VALUE(H61)>110),"Invalid","Valid"),"Check Format")) -> Invalid | U61: =IF(Raw_Data[[#This Row],[Age_Check]]="Valid",H61,"") | V61: =IF(OR(K61="",UPPER(TRIM(K61&""))="",LOWER(TRIM(K61&""))="",LOWER(TRIM(K61&""))="",LOWER(TRIM(K61&""))="missing"),"Missing/",IFERROR(IF(VALUE(K61)<0,"Invalid","Valid"),"Check Format")) -> Valid | W61: =IF(OR(E61="",F61=""),"Missing Date/Time",IFERROR(IF(F61>E61,"Arrival After Appointment","OK"),"Check Format")) -> OK | X61: =IF(OR(F61="",G61=""),"Missing Date/Time",IFERROR(IF(G61<F61,"Discharge Before Arrival","OK"),"Check Format")) -> OK
A62: A00062 | B62: P10359 | C62: Royal Victoria Hospital | D62: GP Referral | E62: 45864.576 | F62: 45864.567 | G62: 45864.713 | I62: F | J62: Discharged | K62: 153 | L62: 43 | M62: Specialist | N62: BT15 | O62: 2 | P62: No | Q62: 76.43 | R62: LegacyDB | S62: =COUNTIF(A:A,A62) -> 1 | T62: =IF(OR(H62="",LOWER(TRIM(H62&""))="missing",LOWER(TRIM(H62&""))=""),"Missing/",IFERROR(IF(OR(VALUE(H62)<0,VALUE(H62)>110),"Invalid","Valid"),"Check Format")) -> Missing/ | U62: =IF(Raw_Data[[#This Row],[Age_Check]]="Valid",H62,"") | V62: =IF(OR(K62="",UPPER(TRIM(K62&""))="",LOWER(TRIM(K62&""))="",LOWER(TRIM(K62&""))="",LOWER(TRIM(K62&""))="missing"),"Missing/",IFERROR(IF(VALUE(K62)<0,"Invalid","Valid"),"Check Format")) -> Valid | W62: =IF(OR(E62="",F62=""),"Missing Date/Time",IFERROR(IF(F62>E62,"Arrival After Appointment","OK"),"Check Format")) -> OK | X62: =IF(OR(F62="",G62=""),"Missing Date/Time",IFERROR(IF(G62<F62,"Discharge Before Arrival","OK"),"Check Format")) -> OK
A63: A00063 | B63: P10192 | C63: Mater Hospital | D63: General Medicine | E63: 45831.326 | F63: 45831.308 | G63: 45831.368 | I63: M | J63: Discharged | K63: 20 | L63: 40 | M63: GP | N63: BT7 | O63: 0 | P63: Yes | Q63: 127.12 | R63: HIS | S63: =COUNTIF(A:A,A63) -> 1 | T63: =IF(OR(H63="",LOWER(TRIM(H63&""))="missing",LOWER(TRIM(H63&""))=""),"Missing/",IFERROR(IF(OR(VALUE(H63)<0,VALUE(H63)>110),"Invalid","Valid"),"Check Format")) -> Missing/ | U63: =IF(Raw_Data[[#This Row],[Age_Check]]="Valid",H63,"") | V63: =IF(OR(K63="",UPPER(TRIM(K63&""))="",LOWER(TRIM(K63&""))="",LOWER(TRIM(K63&""))="",LOWER(TRIM(K63&""))="missing"),"Missing/",IFERROR(IF(VALUE(K63)<0,"Invalid","Valid"),"Check Format")) -> Valid | W63: =IF(OR(E63="",F63=""),"Missing Date/Time",IFERROR(IF(F63>E63,"Arrival After Appointment","OK"),"Check Format")) -> OK | X63: =IF(OR(F63="",G63=""),"Missing Date/Time",IFERROR(IF(G63<F63,"Discharge Before Arrival","OK"),"Check Format")) -> OK
A64: A00064 | B64: P10257 | C64: Mater Hospital | D64: Orthopaedics | E64: 04-25-2025 10:25 | F64: 45772.416 | G64: 45772.519 | I64: F | J64: Cancelled | K64: 82 | L64: 40 | M64: Online | N64: BT15 | Q64: 139.17 | R64: HIS | S64: =COUNTIF(A:A,A64) -> 1 | T64: =IF(OR(H64="",LOWER(TRIM(H64&""))="missing",LOWER(TRIM(H64&""))=""),"Missing/",IFERROR(IF(OR(VALUE(H64)<0,VALUE(H64)>110),"Invalid","Valid"),"Check Format")) -> Missing/ | U64: =IF(Raw_Data[[#This Row],[Age_Check]]="Valid",H64,"") | V64: =IF(OR(K64="",UPPER(TRIM(K64&""))="",LOWER(TRIM(K64&""))="",LOWER(TRIM(K64&""))="",LOWER(TRIM(K64&""))="missing"),"Missing/",IFERROR(IF(VALUE(K64)<0,"Invalid","Valid"),"Check Format")) -> Valid | W64: =IF(OR(E64="",F64=""),"Missing Date/Time",IFERROR(IF(F64>E64,"Arrival After Appointment","OK"),"Check Format")) -> OK | X64: =IF(OR(F64="",G64=""),"Missing Date/Time",IFERROR(IF(G64<F64,"Discharge Before Arrival","OK"),"Check Format")) -> OK
A65: A00065 | B65: P10178 | C65: Belfast City Hospital | D65: General Medicine | E65: 45817.396 | F65: 45817.387 | G65: 45817.419 | H65: 30 | I65: Prefer not to say | J65: Cancelled | K65: 28 | L65: 5 | M65: Specialist | N65: BT1 | P65: No | Q65: 109.28 | R65: ClinicSystem | S65: =COUNTIF(A:A,A65) -> 1 | T65: =IF(OR(H65="",LOWER(TRIM(H65&""))="missing",LOWER(TRIM(H65&""))=""),"Missing/",IFERROR(IF(OR(VALUE(H65)<0,VALUE(H65)>110),"Invalid","Valid"),"Check Format")) -> Valid | U65: =IF(Raw_Data[[#This Row],[Age_Check]]="Valid",H65,"") -> 30 | V65: =IF(OR(K65="",UPPER(TRIM(K65&""))="",LOWER(TRIM(K65&""))="",LOWER(TRIM(K65&""))="",LOWER(TRIM(K65&""))="missing"),"Missing/",IFERROR(IF(VALUE(K65)<0,"Invalid","Valid"),"Check Format")) -> Valid | W65: =IF(OR(E65="",F65=""),"Missing Date/Time",IFERROR(IF(F65>E65,"Arrival After Appointment","OK"),"Check Format")) -> OK | X65: =IF(OR(F65="",G65=""),"Missing Date/Time",IFERROR(IF(G65<F65,"Discharge Before Arrival","OK"),"Check Format")) -> OK
A66: A00066 | B66: P10009 | C66: Belfast City Hospital | D66: Orthopaedics | E66: 46004.413 | F66: 46004.41 | G66: 46004.498 | H66: 145 | I66: F | J66: Cancelled | K66: 87 | L66: 35 | M66: Emergency | N66: BT12 | O66: 2 | P66: Yes | Q66: 45.34 | R66: Legacy DB | S66: =COUNTIF(A:A,A66) -> 1 | T66: =IF(OR(H66="",LOWER(TRIM(H66&""))="missing",LOWER(TRIM(H66&""))=""),"Missing/",IFERROR(IF(OR(VALUE(H66)<0,VALUE(H66)>110),"Invalid","Valid"),"Check Format")) -> Invalid | U66: =IF(Raw_Data[[#This Row],[Age_Check]]="Valid",H66,"") | V66: =IF(OR(K66="",UPPER(TRIM(K66&""))="",LOWER(TRIM(K66&""))="",LOWER(TRIM(K66&""))="",LOWER(TRIM(K66&""))="missing"),"Missing/",IFERROR(IF(VALUE(K66)<0,"Invalid","Valid"),"Check Format")) -> Valid | W66: =IF(OR(E66="",F66=""),"Missing Date/Time",IFERROR(IF(F66>E66,"Arrival After Appointment","OK"),"Check Format")) -> OK | X66: =IF(OR(F66="",G66=""),"Missing Date/Time",IFERROR(IF(G66<F66,"Discharge Before Arrival","OK"),"Check Format")) -> OK
A67: A00067 | B67: P10073 | C67: Belfast City Hospital | D67: Paediatrics | E67: 45903.625 | F67: 45903.612 | G67: 45903.696 | H67: 53 | I67: M | K67: 64 | L67: 38 | M67: Walk-in | N67: BT2 | O67: 6 | Q67: 74.29 | R67: Legacy DB | S67: =COUNTIF(A:A,A67) -> 1 | T67: =IF(OR(H67="",LOWER(TRIM(H67&""))="missing",LOWER(TRIM(H67&""))=""),"Missing/",IFERROR(IF(OR(VALUE(H67)<0,VALUE(H67)>110),"Invalid","Valid"),"Check Format")) -> Valid | U67: =IF(Raw_Data[[#This Row],[Age_Check]]="Valid",H67,"") -> 53 | V67: =IF(OR(K67="",UPPER(TRIM(K67&""))="",LOWER(TRIM(K67&""))="",LOWER(TRIM(K67&""))="",LOWER(TRIM(K67&""))="missing"),"Missing/",IFERROR(IF(VALUE(K67)<0,"Invalid","Valid"),"Check Format")) -> Valid | W67: =IF(OR(E67="",F67=""),"Missing Date/Time",IFERROR(IF(F67>E67,"Arrival After Appointment","OK"),"Check Format")) -> OK | X67: =IF(OR(F67="",G67=""),"Missing Date/Time",IFERROR(IF(G67<F67,"Discharge Before Arrival","OK"),"Check Format")) -> OK
A68: A00068 | B68: P10123 | C68: Royal Victoria Hospital | D68: Cardiology | E68: 45688.514 | F68: 45688.498 | G68: 45688.581 | J68: Completed | K68: 63 | L68: 33 | M68: Walk-in | N68: BT7 | P68: No | Q68: 53.56 | R68: HIS | S68: =COUNTIF(A:A,A68) -> 1 | T68: =IF(OR(H68="",LOWER(TRIM(H68&""))="missing",LOWER(TRIM(H68&""))=""),"Missing/",IFERROR(IF(OR(VALUE(H68)<0,VALUE(H68)>110),"Invalid","Valid"),"Check Format")) -> Missing/ | U68: =IF(Raw_Data[[#This Row],[Age_Check]]="Valid",H68,"") | V68: =IF(OR(K68="",UPPER(TRIM(K68&""))="",LOWER(TRIM(K68&""))="",LOWER(TRIM(K68&""))="",LOWER(TRIM(K68&""))="missing"),"Missing/",IFERROR(IF(VALUE(K68)<0,"Invalid","Valid"),"Check Format")) -> Valid | W68: =IF(OR(E68="",F68=""),"Missing Date/Time",IFERROR(IF(F68>E68,"Arrival After Appointment","OK"),"Check Format")) -> OK | X68: =IF(OR(F68="",G68=""),"Missing Date/Time",IFERROR(IF(G68<F68,"Discharge Before Arrival","OK"),"Check Format")) -> OK
A69: A00069 | B69: P10203 | D69: Cardiology | E69: 07-25-2024 07:15 | F69: 45498.285 | G69: 45498.38 | H69: 36 | I69: Prefer not to say | J69: Completed | K69: 70 | L69: 42 | M69: GP | N69: BT2 | O69: 0 | P69: No | Q69: 231.64 | R69: HIS | S69: =COUNTIF(A:A,A69) -> 1 | T69: =IF(OR(H69="",LOWER(TRIM(H69&""))="missing",LOWER(TRIM(H69&""))=""),"Missing/",IFERROR(IF(OR(VALUE(H69)<0,VALUE(H69)>110),"Invalid","Valid"),"Check Format")) -> Valid | U69: =IF(Raw_Data[[#This Row],[Age_Check]]="Valid",H69,"") -> 36 | V69: =IF(OR(K69="",UPPER(TRIM(K69&""))="",LOWER(TRIM(K69&""))="",LOWER(TRIM(K69&""))="",LOWER(TRIM(K69&""))="missing"),"Missing/",IFERROR(IF(VALUE(K69)<0,"Invalid","Valid"),"Check Format")) -> Valid | W69: =IF(OR(E69="",F69=""),"Missing Date/Time",IFERROR(IF(F69>E69,"Arrival After Appointment","OK"),"Check Format")) -> OK | X69: =IF(OR(F69="",G69=""),"Missing Date/Time",IFERROR(IF(G69<F69,"Discharge Before Arrival","OK"),"Check Format")) -> OK
A70: A00070 | B70: P10220 | C70: Mater Hospital | D70: Oncology | E70: 45668.639 | F70: 45668.632 | I70: Non-binary | J70: Cancelled | K70: 94 | L70: 7 | M70: Online | P70: No | Q70: 69.97 | R70: HIS | S70: =COUNTIF(A:A,A70) -> 1 | T70: =IF(OR(H70="",LOWER(TRIM(H70&""))="missing",LOWER(TRIM(H70&""))=""),"Missing/",IFERROR(IF(OR(VALUE(H70)<0,VALUE(H70)>110),"Invalid","Valid"),"Check Format")) -> Missing/ | U70: =IF(Raw_Data[[#This Row],[Age_Check]]="Valid",H70,"") | V70: =IF(OR(K70="",UPPER(TRIM(K70&""))="",LOWER(TRIM(K70&""))="",LOWER(TRIM(K70&""))="",LOWER(TRIM(K70&""))="missing"),"Missing/",IFERROR(IF(VALUE(K70)<0,"Invalid","Valid"),"Check Format")) -> Valid | W70: =IF(OR(E70="",F70=""),"Missing Date/Time",IFERROR(IF(F70>E70,"Arrival After Appointment","OK"),"Check Format")) -> OK | X70: =IF(OR(F70="",G70=""),"Missing Date/Time",IFERROR(IF(G70<F70,"Discharge Before Arrival","OK"),"Check Format")) -> Missing Date/Time
A71: A00071 | B71: P10262 | C71: Mater Hospital | D71: A&E | E71: 45737.493 | F71: 45737.49 | G71: 45737.574 | H71: 86 | I71: F | J71: Completed | K71: 76 | L71: 41 | M71: Emergency | N71: BT9 | O71: 0 | P71: Yes | R71: ClinicSystem | S71: =COUNTIF(A:A,A71) -> 1 | T71: =IF(OR(H71="",LOWER(TRIM(H71&""))="missing",LOWER(TRIM(H71&""))=""),"Missing/",IFERROR(IF(OR(VALUE(H71)<0,VALUE(H71)>110),"Invalid","Valid"),"Check Format")) -> Valid | U71: =IF(Raw_Data[[#This Row],[Age_Check]]="Valid",H71,"") -> 86 | V71: =IF(OR(K71="",UPPER(TRIM(K71&""))="",LOWER(TRIM(K71&""))="",LOWER(TRIM(K71&""))="",LOWER(TRIM(K71&""))="missing"),"Missing/",IFERROR(IF(VALUE(K71)<0,"Invalid","Valid"),"Check Format")) -> Valid | W71: =IF(OR(E71="",F71=""),"Missing Date/Time",IFERROR(IF(F71>E71,"Arrival After Appointment","OK"),"Check Format")) -> OK | X71: =IF(OR(F71="",G71=""),"Missing Date/Time",IFERROR(IF(G71<F71,"Discharge Before Arrival","OK"),"Check Format")) -> OK
A72: A00072 | B72: P10332 | C72: Belfast City Hospital | D72: Cardiology | E72: 45370.674 | F72: 45370.672 | H72: 145 | I72: F | K72: 76 | L72: 101 | M72: Emergency | N72: BT12 | O72: 4 | P72: Yes | Q72: 190.67 | R72: HIS | S72: =COUNTIF(A:A,A72) -> 1 | T72: =IF(OR(H72="",LOWER(TRIM(H72&""))="missing",LOWER(TRIM(H72&""))=""),"Missing/",IFERROR(IF(OR(VALUE(H72)<0,VALUE(H72)>110),"Invalid","Valid"),"Check Format")) -> Invalid | U72: =IF(Raw_Data[[#This Row],[Age_Check]]="Valid",H72,"") | V72: =IF(OR(K72="",UPPER(TRIM(K72&""))="",LOWER(TRIM(K72&""))="",LOWER(TRIM(K72&""))="",LOWER(TRIM(K72&""))="missing"),"Missing/",IFERROR(IF(VALUE(K72)<0,"Invalid","Valid"),"Check Format")) -> Valid | W72: =IF(OR(E72="",F72=""),"Missing Date/Time",IFERROR(IF(F72>E72,"Arrival After Appointment","OK"),"Check Format")) -> OK | X72: =IF(OR(F72="",G72=""),"Missing Date/Time",IFERROR(IF(G72<F72,"Discharge Before Arrival","OK"),"Check Format")) -> Missing Date/Time
A73: A00073 | B73: P10177 | C73: Royal Victoria Hospital | D73: Neurology | E73: 06-25-2024 18:35 | F73: 45468.768 | G73: 45468.876 | I73: F | J73: Cancelled | K73: 97 | L73: 49 | M73: Walk-in | O73: 1 | Q73: 197.11 | R73: HIS | S73: =COUNTIF(A:A,A73) -> 1 | T73: =IF(OR(H73="",LOWER(TRIM(H73&""))="missing",LOWER(TRIM(H73&""))=""),"Missing/",IFERROR(IF(OR(VALUE(H73)<0,VALUE(H73)>110),"Invalid","Valid"),"Check Format")) -> Missing/ | U73: =IF(Raw_Data[[#This Row],[Age_Check]]="Valid",H73,"") | V73: =IF(OR(K73="",UPPER(TRIM(K73&""))="",LOWER(TRIM(K73&""))="",LOWER(TRIM(K73&""))="",LOWER(TRIM(K73&""))="missing"),"Missing/",IFERROR(IF(VALUE(K73)<0,"Invalid","Valid"),"Check Format")) -> Valid | W73: =IF(OR(E73="",F73=""),"Missing Date/Time",IFERROR(IF(F73>E73,"Arrival After Appointment","OK"),"Check Format")) -> OK | X73: =IF(OR(F73="",G73=""),"Missing Date/Time",IFERROR(IF(G73<F73,"Discharge Before Arrival","OK"),"Check Format")) -> OK
A74: A00074 | B74: P10367 | D74: A&E | E74: 07-18-2025 09:45 | F74: 45856.39 | G74: 45856.469 | H74: 9 | I74: Prefer not to say | J74: Cancelled | K74: 46 | L74: 45 | M74: Emergency | N74: BT9 | P74: No | Q74: 83.17 | R74: Legacy DB | S74: =COUNTIF(A:A,A74) -> 1 | T74: =IF(OR(H74="",LOWER(TRIM(H74&""))="missing",LOWER(TRIM(H74&""))=""),"Missing/",IFERROR(IF(OR(VALUE(H74)<0,VALUE(H74)>110),"Invalid","Valid"),"Check Format")) -> Valid | U74: =IF(Raw_Data[[#This Row],[Age_Check]]="Valid",H74,"") -> 9 | V74: =IF(OR(K74="",UPPER(TRIM(K74&""))="",LOWER(TRIM(K74&""))="",LOWER(TRIM(K74&""))="",LOWER(TRIM(K74&""))="missing"),"Missing/",IFERROR(IF(VALUE(K74)<0,"Invalid","Valid"),"Check Format")) -> Valid | W74: =IF(OR(E74="",F74=""),"Missing Date/Time",IFERROR(IF(F74>E74,"Arrival After Appointment","OK"),"Check Format")) -> OK | X74: =IF(OR(F74="",G74=""),"Missing Date/Time",IFERROR(IF(G74<F74,"Discharge Before Arrival","OK"),"Check Format")) -> OK
A75: A00075 | B75: P10084 | C75: Mater Hospital | D75: Orthopedics | E75: 45735.625 | F75: 45735.61 | G75: 45735.675 | H75: 66 | I75: Non-binary | J75: Cancelled | K75: 49 | L75: 23 | M75: Specialist | P75: Yes | Q75: 151.55 | R75: HIS | S75: =COUNTIF(A:A,A75) -> 1 | T75: =IF(OR(H75="",LOWER(TRIM(H75&""))="missing",LOWER(TRIM(H75&""))=""),"Missing/",IFERROR(IF(OR(VALUE(H75)<0,VALUE(H75)>110),"Invalid","Valid"),"Check Format")) -> Valid | U75: =IF(Raw_Data[[#This Row],[Age_Check]]="Valid",H75,"") -> 66 | V75: =IF(OR(K75="",UPPER(TRIM(K75&""))="",LOWER(TRIM(K75&""))="",LOWER(TRIM(K75&""))="",LOWER(TRIM(K75&""))="missing"),"Missing/",IFERROR(IF(VALUE(K75)<0,"Invalid","Valid"),"Check Format")) -> Valid | W75: =IF(OR(E75="",F75=""),"Missing Date/Time",IFERROR(IF(F75>E75,"Arrival After Appointment","OK"),"Check Format")) -> OK | X75: =IF(OR(F75="",G75=""),"Missing Date/Time",IFERROR(IF(G75<F75,"Discharge Before Arrival","OK"),"Check Format")) -> OK
A76: A00076 | B76: P10041 | C76: Belfast City Hospital | D76: GP Referral | E76: 45449.41 | F76: 45449.393 | G76: 45449.51 | H76: 145 | I76: F | J76: Discharged | K76: 139 | L76: 5 | M76: GP | N76: BT9 | P76: Yes | Q76: 199.9 | R76: HIS | S76: =COUNTIF(A:A,A76) -> 1 | T76: =IF(OR(H76="",LOWER(TRIM(H76&""))="missing",LOWER(TRIM(H76&""))=""),"Missing/",IFERROR(IF(OR(VALUE(H76)<0,VALUE(H76)>110),"Invalid","Valid"),"Check Format")) -> Invalid | U76: =IF(Raw_Data[[#This Row],[Age_Check]]="Valid",H76,"") | V76: =IF(OR(K76="",UPPER(TRIM(K76&""))="",LOWER(TRIM(K76&""))="",LOWER(TRIM(K76&""))="",LOWER(TRIM(K76&""))="missing"),"Missing/",IFERROR(IF(VALUE(K76)<0,"Invalid","Valid"),"Check Format")) -> Valid | W76: =IF(OR(E76="",F76=""),"Missing Date/Time",IFERROR(IF(F76>E76,"Arrival After Appointment","OK"),"Check Format")) -> OK | X76: =IF(OR(F76="",G76=""),"Missing Date/Time",IFERROR(IF(G76<F76,"Discharge Before Arrival","OK"),"Check Format")) -> OK
A77: A00077 | B77: P10073 | C77: RVH | D77: Outpatient | E77: 03-26-2025 13:35 | F77: 45742.559 | G77: 45742.583 | H77: 51 | I77: Prefer not to say | J77: Cancelled | K77: 1 | L77: 23 | M77: Emergency | N77: BT15 | O77: 2 | P77: Yes | Q77: 232.12 | R77: ClinicSystem | S77: =COUNTIF(A:A,A77) -> 1 | T77: =IF(OR(H77="",LOWER(TRIM(H77&""))="missing",LOWER(TRIM(H77&""))=""),"Missing/",IFERROR(IF(OR(VALUE(H77)<0,VALUE(H77)>110),"Invalid","Valid"),"Check Format")) -> Valid | U77: =IF(Raw_Data[[#This Row],[Age_Check]]="Valid",H77,"") -> 51 | V77: =IF(OR(K77="",UPPER(TRIM(K77&""))="",LOWER(TRIM(K77&""))="",LOWER(TRIM(K77&""))="",LOWER(TRIM(K77&""))="missing"),"Missing/",IFERROR(IF(VALUE(K77)<0,"Invalid","Valid"),"Check Format")) -> Valid | W77: =IF(OR(E77="",F77=""),"Missing Date/Time",IFERROR(IF(F77>E77,"Arrival After Appointment","OK"),"Check Format")) -> OK | X77: =IF(OR(F77="",G77=""),"Missing Date/Time",IFERROR(IF(G77<F77,"Discharge Before Arrival","OK"),"Check Format")) -> OK
A78: A00078 | B78: P10369 | C78: RVH | D78: GP Referral | E78: 09-22-2025 13:15 | F78: 45922.549 | G78: 45922.602 | I78: Non-binary | J78: No-show | K78: 60 | L78: 12 | M78: Online | N78: BT1 | O78: 6 | P78: No | Q78: 87.78 | R78: ClinicSystem | S78: =COUNTIF(A:A,A78) -> 1 | T78: =IF(OR(H78="",LOWER(TRIM(H78&""))="missing",LOWER(TRIM(H78&""))=""),"Missing/",IFERROR(IF(OR(VALUE(H78)<0,VALUE(H78)>110),"Invalid","Valid"),"Check Format")) -> Missing/ | U78: =IF(Raw_Data[[#This Row],[Age_Check]]="Valid",H78,"") | V78: =IF(OR(K78="",UPPER(TRIM(K78&""))="",LOWER(TRIM(K78&""))="",LOWER(TRIM(K78&""))="",LOWER(TRIM(K78&""))="missing"),"Missing/",IFERROR(IF(VALUE(K78)<0,"Invalid","Valid"),"Check Format")) -> Valid | W78: =IF(OR(E78="",F78=""),"Missing Date/Time",IFERROR(IF(F78>E78,"Arrival After Appointment","OK"),"Check Format")) -> OK | X78: =IF(OR(F78="",G78=""),"Missing Date/Time",IFERROR(IF(G78<F78,"Discharge Before Arrival","OK"),"Check Format")) -> OK
A79: A00079 | B79: P10220 | C79: Mater Hospital | D79: Out Patient | E79: 45903.743 | F79: 45903.727 | G79: 45903.812 | H79: 51 | I79: F | J79: Cancelled | K79: 81 | L79: 18 | M79: GP | P79: Yes | Q79: 162.32 | R79: HIS | S79: =COUNTIF(A:A,A79) -> 1 | T79: =IF(OR(H79="",LOWER(TRIM(H79&""))="missing",LOWER(TRIM(H79&""))=""),"Missing/",IFERROR(IF(OR(VALUE(H79)<0,VALUE(H79)>110),"Invalid","Valid"),"Check Format")) -> Valid | U79: =IF(Raw_Data[[#This Row],[Age_Check]]="Valid",H79,"") -> 51 | V79: =IF(OR(K79="",UPPER(TRIM(K79&""))="",LOWER(TRIM(K79&""))="",LOWER(TRIM(K79&""))="",LOWER(TRIM(K79&""))="missing"),"Missing/",IFERROR(IF(VALUE(K79)<0,"Invalid","Valid"),"Check Format")) -> Valid | W79: =IF(OR(E79="",F79=""),"Missing Date/Time",IFERROR(IF(F79>E79,"Arrival After Appointment","OK"),"Check Format")) -> OK | X79: =IF(OR(F79="",G79=""),"Missing Date/Time",IFERROR(IF(G79<F79,"Discharge Before Arrival","OK"),"Check Format")) -> OK
A80: A00080 | B80: P10191 | C80: RVH | D80: Accident & Emergency | E80: 45930.74 | F80: 45930.732 | G80: 45930.794 | H80: 145 | I80: F | J80: Cancelled | K80: 59 | L80: 20 | M80: GP | N80: BT1 | P80: Yes | Q80: 316.52 | R80: Legacy DB | S80: =COUNTIF(A:A,A80) -> 1 | T80: =IF(OR(H80="",LOWER(TRIM(H80&""))="missing",LOWER(TRIM(H80&""))=""),"Missing/",IFERROR(IF(OR(VALUE(H80)<0,VALUE(H80)>110),"Invalid","Valid"),"Check Format")) -> Invalid | U80: =IF(Raw_Data[[#This Row],[Age_Check]]="Valid",H80,"") | V80: =IF(OR(K80="",UPPER(TRIM(K80&""))="",LOWER(TRIM(K80&""))="",LOWER(TRIM(K80&""))="",LOWER(TRIM(K80&""))="missing"),"Missing/",IFERROR(IF(VALUE(K80)<0,"Invalid","Valid"),"Check Format")) -> Valid | W80: =IF(OR(E80="",F80=""),"Missing Date/Time",IFERROR(IF(F80>E80,"Arrival After Appointment","OK"),"Check Format")) -> OK | X80: =IF(OR(F80="",G80=""),"Missing Date/Time",IFERROR(IF(G80<F80,"Discharge Before Arrival","OK"),"Check Format")) -> OK
A81: A00081 | B81: P10172 | D81: CARDIOLOGY | E81: 45303.684 | F81: 45627.678 | G81: 45627.743 | I81: M | J81: No-show | K81: 80 | L81: 5 | O81: 6 | P81: No | Q81: 159.92 | R81: Legacy DB | S81: =COUNTIF(A:A,A81) -> 1 | T81: =IF(OR(H81="",LOWER(TRIM(H81&""))="missing",LOWER(TRIM(H81&""))=""),"Missing/",IFERROR(IF(OR(VALUE(H81)<0,VALUE(H81)>110),"Invalid","Valid"),"Check Format")) -> Missing/ | U81: =IF(Raw_Data[[#This Row],[Age_Check]]="Valid",H81,"") | V81: =IF(OR(K81="",UPPER(TRIM(K81&""))="",LOWER(TRIM(K81&""))="",LOWER(TRIM(K81&""))="",LOWER(TRIM(K81&""))="missing"),"Missing/",IFERROR(IF(VALUE(K81)<0,"Invalid","Valid"),"Check Format")) -> Valid | W81: =IF(OR(E81="",F81=""),"Missing Date/Time",IFERROR(IF(F81>E81,"Arrival After Appointment","OK"),"Check Format")) -> Arrival After Appointment | X81: =IF(OR(F81="",G81=""),"Missing Date/Time",IFERROR(IF(G81<F81,"Discharge Before Arrival","OK"),"Check Format")) -> OK
A82: A00082 | B82: P10293 | C82: Royal Victoria Hospital | D82: Accident & Emergency | E82: 45466.66 | F82: 45466.65 | G82: 45466.716 | I82: M | J82: Completed | K82: 34 | L82: 47 | P82: No | R82: ClinicSystem | S82: =COUNTIF(A:A,A82) -> 1 | T82: =IF(OR(H82="",LOWER(TRIM(H82&""))="missing",LOWER(TRIM(H82&""))=""),"Missing/",IFERROR(IF(OR(VALUE(H82)<0,VALUE(H82)>110),"Invalid","Valid"),"Check Format")) -> Missing/ | U82: =IF(Raw_Data[[#This Row],[Age_Check]]="Valid",H82,"") | V82: =IF(OR(K82="",UPPER(TRIM(K82&""))="",LOWER(TRIM(K82&""))="",LOWER(TRIM(K82&""))="",LOWER(TRIM(K82&""))="missing"),"Missing/",IFERROR(IF(VALUE(K82)<0,"Invalid","Valid"),"Check Format")) -> Valid | W82: =IF(OR(E82="",F82=""),"Missing Date/Time",IFERROR(IF(F82>E82,"Arrival After Appointment","OK"),"Check Format")) -> OK | X82: =IF(OR(F82="",G82=""),"Missing Date/Time",IFERROR(IF(G82<F82,"Discharge Before Arrival","OK"),"Check Format")) -> OK
A83: A00083 | B83: P10175 | C83: RVH | D83: Accident & Emergency | E83: 45781.646 | F83: 45781.627 | G83: 45781.687 | J83: Discharged | K83: 30 | L83: 29 | M83: Online | N83: BT9 | O83: 6 | P83: Yes | Q83: 185.4 | R83: LegacyDB | S83: =COUNTIF(A:A,A83) -> 1 | T83: =IF(OR(H83="",LOWER(TRIM(H83&""))="missing",LOWER(TRIM(H83&""))=""),"Missing/",IFERROR(IF(OR(VALUE(H83)<0,VALUE(H83)>110),"Invalid","Valid"),"Check Format")) -> Missing/ | U83: =IF(Raw_Data[[#This Row],[Age_Check]]="Valid",H83,"") | V83: =IF(OR(K83="",UPPER(TRIM(K83&""))="",LOWER(TRIM(K83&""))="",LOWER(TRIM(K83&""))="",LOWER(TRIM(K83&""))="missing"),"Missing/",IFERROR(IF(VALUE(K83)<0,"Invalid","Valid"),"Check Format")) -> Valid | W83: =IF(OR(E83="",F83=""),"Missing Date/Time",IFERROR(IF(F83>E83,"Arrival After Appointment","OK"),"Check Format")) -> OK | X83: =IF(OR(F83="",G83=""),"Missing Date/Time",IFERROR(IF(G83<F83,"Discharge Before Arrival","OK"),"Check Format")) -> OK
A84: A00084 | B84: P10062 | C84: Mater Hospital | D84: Orthopedics | E84: 05-15-2025 12:35 | F84: 45792.516 | G84: 45792.592 | H84: 18 | I84: Non-binary | J84: Discharged | K84: 88 | L84: 10 | M84: Emergency | N84: BT15 | P84: No | Q84: 118.24 | R84: Legacy DB | S84: =COUNTIF(A:A,A84) -> 1 | T84: =IF(OR(H84="",LOWER(TRIM(H84&""))="missing",LOWER(TRIM(H84&""))=""),"Missing/",IFERROR(IF(OR(VALUE(H84)<0,VALUE(H84)>110),"Invalid","Valid"),"Check Format")) -> Valid | U84: =IF(Raw_Data[[#This Row],[Age_Check]]="Valid",H84,"") -> 18 | V84: =IF(OR(K84="",UPPER(TRIM(K84&""))="",LOWER(TRIM(K84&""))="",LOWER(TRIM(K84&""))="",LOWER(TRIM(K84&""))="missing"),"Missing/",IFERROR(IF(VALUE(K84)<0,"Invalid","Valid"),"Check Format")) -> Valid | W84: =IF(OR(E84="",F84=""),"Missing Date/Time",IFERROR(IF(F84>E84,"Arrival After Appointment","OK"),"Check Format")) -> OK | X84: =IF(OR(F84="",G84=""),"Missing Date/Time",IFERROR(IF(G84<F84,"Discharge Before Arrival","OK"),"Check Format")) -> OK
A85: A00085 | B85: P10271 | C85: Ulster Hospital | D85: Outpatient | E85: 45403.705 | F85: 45403.704 | I85: M | J85: D | K85: 41 | L85: 20 | M85: Self-referral | N85: BT1 | O85: 0 | P85: No | Q85: 286.24 | R85: HIS | S85: =COUNTIF(A:A,A85) -> 1 | T85: =IF(OR(H85="",LOWER(TRIM(H85&""))="missing",LOWER(TRIM(H85&""))=""),"Missing/",IFERROR(IF(OR(VALUE(H85)<0,VALUE(H85)>110),"Invalid","Valid"),"Check Format")) -> Missing/ | U85: =IF(Raw_Data[[#This Row],[Age_Check]]="Valid",H85,"") | V85: =IF(OR(K85="",UPPER(TRIM(K85&""))="",LOWER(TRIM(K85&""))="",LOWER(TRIM(K85&""))="",LOWER(TRIM(K85&""))="missing"),"Missing/",IFERROR(IF(VALUE(K85)<0,"Invalid","Valid"),"Check Format")) -> Valid | W85: =IF(OR(E85="",F85=""),"Missing Date/Time",IFERROR(IF(F85>E85,"Arrival After Appointment","OK"),"Check Format")) -> OK | X85: =IF(OR(F85="",G85=""),"Missing Date/Time",IFERROR(IF(G85<F85,"Discharge Before Arrival","OK"),"Check Format")) -> Missing Date/Time
A86: A00086 | B86: P10293 | C86: Ulster Hospital | D86: General Medicine | E86: 45620.493 | F86: 45620.477 | G86: 45620.549 | I86: F | J86: Completed | L86: 9 | M86: GP | N86: BT7 | Q86: 218.43 | R86: HIS | S86: =COUNTIF(A:A,A86) -> 1 | T86: =IF(OR(H86="",LOWER(TRIM(H86&""))="missing",LOWER(TRIM(H86&""))=""),"Missing/",IFERROR(IF(OR(VALUE(H86)<0,VALUE(H86)>110),"Invalid","Valid"),"Check Format")) -> Missing/ | U86: =IF(Raw_Data[[#This Row],[Age_Check]]="Valid",H86,"") | V86: =IF(OR(K86="",UPPER(TRIM(K86&""))="",LOWER(TRIM(K86&""))="",LOWER(TRIM(K86&""))="",LOWER(TRIM(K86&""))="missing"),"Missing/",IFERROR(IF(VALUE(K86)<0,"Invalid","Valid"),"Check Format")) -> Missing/ | W86: =IF(OR(E86="",F86=""),"Missing Date/Time",IFERROR(IF(F86>E86,"Arrival After Appointment","OK"),"Check Format")) -> OK | X86: =IF(OR(F86="",G86=""),"Missing Date/Time",IFERROR(IF(G86<F86,"Discharge Before Arrival","OK"),"Check Format")) -> OK
A87: A00087 | B87: P10239 | C87: Belfast City Hospital | D87: Orthopaedics | E87: 45757.736 | F87: 45757.734 | G87: 45757.863 | I87: Non-binary | K87: 132 | L87: 50 | M87: Self-referral | N87: BT1 | O87: 6 | P87: No | Q87: 23.45 | R87: ClinicSystem | S87: =COUNTIF(A:A,A87) -> 1 | T87: =IF(OR(H87="",LOWER(TRIM(H87&""))="missing",LOWER(TRIM(H87&""))=""),"Missing/",IFERROR(IF(OR(VALUE(H87)<0,VALUE(H87)>110),"Invalid","Valid"),"Check Format")) -> Missing/ | U87: =IF(Raw_Data[[#This Row],[Age_Check]]="Valid",H87,"") | V87: =IF(OR(K87="",UPPER(TRIM(K87&""))="",LOWER(TRIM(K87&""))="",LOWER(TRIM(K87&""))="",LOWER(TRIM(K87&""))="missing"),"Missing/",IFERROR(IF(VALUE(K87)<0,"Invalid","Valid"),"Check Format")) -> Valid | W87: =IF(OR(E87="",F87=""),"Missing Date/Time",IFERROR(IF(F87>E87,"Arrival After Appointment","OK"),"Check Format")) -> OK | X87: =IF(OR(F87="",G87=""),"Missing Date/Time",IFERROR(IF(G87<F87,"Discharge Before Arrival","OK"),"Check Format")) -> OK
A88: A00088 | B88: P10071 | D88: CARDIOLOGY | E88: 45729.642 | F88: 45729.637 | I88: Non-binary | J88: Cancelled | K88: 41 | L88: 54 | M88: Walk-in | N88: BT12 | O88: 5 | P88: Yes | Q88: 88.39 | R88: ClinicSystem | S88: =COUNTIF(A:A,A88) -> 1 | T88: =IF(OR(H88="",LOWER(TRIM(H88&""))="missing",LOWER(TRIM(H88&""))=""),"Missing/",IFERROR(IF(OR(VALUE(H88)<0,VALUE(H88)>110),"Invalid","Valid"),"Check Format")) -> Missing/ | U88: =IF(Raw_Data[[#This Row],[Age_Check]]="Valid",H88,"") | V88: =IF(OR(K88="",UPPER(TRIM(K88&""))="",LOWER(TRIM(K88&""))="",LOWER(TRIM(K88&""))="",LOWER(TRIM(K88&""))="missing"),"Missing/",IFERROR(IF(VALUE(K88)<0,"Invalid","Valid"),"Check Format")) -> Valid | W88: =IF(OR(E88="",F88=""),"Missing Date/Time",IFERROR(IF(F88>E88,"Arrival After Appointment","OK"),"Check Format")) -> OK | X88: =IF(OR(F88="",G88=""),"Missing Date/Time",IFERROR(IF(G88<F88,"Discharge Before Arrival","OK"),"Check Format")) -> Missing Date/Time
A89: A00089 | B89: P10151 | C89: RVH | D89: Oncology | E89: 45707.736 | F89: 45707.731 | G89: 45707.818 | J89: Pending | K89: 73 | L89: 45 | M89: Walk-in | N89: BT7 | O89: 6 | Q89: 70.85 | R89: ClinicSystem | S89: =COUNTIF(A:A,A89) -> 1 | T89: =IF(OR(H89="",LOWER(TRIM(H89&""))="missing",LOWER(TRIM(H89&""))=""),"Missing/",IFERROR(IF(OR(VALUE(H89)<0,VALUE(H89)>110),"Invalid","Valid"),"Check Format")) -> Missing/ | U89: =IF(Raw_Data[[#This Row],[Age_Check]]="Valid",H89,"") | V89: =IF(OR(K89="",UPPER(TRIM(K89&""))="",LOWER(TRIM(K89&""))="",LOWER(TRIM(K89&""))="",LOWER(TRIM(K89&""))="missing"),"Missing/",IFERROR(IF(VALUE(K89)<0,"Invalid","Valid"),"Check Format")) -> Valid | W89: =IF(OR(E89="",F89=""),"Missing Date/Time",IFERROR(IF(F89>E89,"Arrival After Appointment","OK"),"Check Format")) -> OK | X89: =IF(OR(F89="",G89=""),"Missing Date/Time",IFERROR(IF(G89<F89,"Discharge Before Arrival","OK"),"Check Format")) -> OK
A90: A00090 | B90: P10288 | C90: Royal Victoria Hospital | D90: Oncology | E90: 03-24-2024 15:35 | F90: 45375.637 | G90: 45375.691 | H90: 145 | I90: F | K90: 55 | L90: 5 | M90: Self-referral | N90: BT15 | O90: 5 | P90: No | Q90: 63.05 | R90: Legacy DB | S90: =COUNTIF(A:A,A90) -> 1 | T90: =IF(OR(H90="",LOWER(TRIM(H90&""))="missing",LOWER(TRIM(H90&""))=""),"Missing/",IFERROR(IF(OR(VALUE(H90)<0,VALUE(H90)>110),"Invalid","Valid"),"Check Format")) -> Invalid | U90: =IF(Raw_Data[[#This Row],[Age_Check]]="Valid",H90,"") | V90: =IF(OR(K90="",UPPER(TRIM(K90&""))="",LOWER(TRIM(K90&""))="",LOWER(TRIM(K90&""))="",LOWER(TRIM(K90&""))="missing"),"Missing/",IFERROR(IF(VALUE(K90)<0,"Invalid","Valid"),"Check Format")) -> Valid | W90: =IF(OR(E90="",F90=""),"Missing Date/Time",IFERROR(IF(F90>E90,"Arrival After Appointment","OK"),"Check Format")) -> OK | X90: =IF(OR(F90="",G90=""),"Missing Date/Time",IFERROR(IF(G90<F90,"Discharge Before Arrival","OK"),"Check Format")) -> OK
A91: A00091 | B91: P10029 | D91: CARDIOLOGY | E91: 45348.59 | F91: 45348.584 | G91: 45348.631 | H91: 50 | I91: M | K91: 49 | L91: 9 | M91: Emergency | N91: BT1 | P91: Yes | Q91: 275.59 | R91: HIS | S91: =COUNTIF(A:A,A91) -> 1 | T91: =IF(OR(H91="",LOWER(TRIM(H91&""))="missing",LOWER(TRIM(H91&""))=""),"Missing/",IFERROR(IF(OR(VALUE(H91)<0,VALUE(H91)>110),"Invalid","Valid"),"Check Format")) -> Valid | U91: =IF(Raw_Data[[#This Row],[Age_Check]]="Valid",H91,"") -> 50 | V91: =IF(OR(K91="",UPPER(TRIM(K91&""))="",LOWER(TRIM(K91&""))="",LOWER(TRIM(K91&""))="",LOWER(TRIM(K91&""))="missing"),"Missing/",IFERROR(IF(VALUE(K91)<0,"Invalid","Valid"),"Check Format")) -> Valid | W91: =IF(OR(E91="",F91=""),"Missing Date/Time",IFERROR(IF(F91>E91,"Arrival After Appointment","OK"),"Check Format")) -> OK | X91: =IF(OR(F91="",G91=""),"Missing Date/Time",IFERROR(IF(G91<F91,"Discharge Before Arrival","OK"),"Check Format")) -> OK
A92: A00092 | B92: P10373 | C92: Mater Hospital | D92: Neurology | E92: 45324.479 | F92: 45324.46 | G92: 45324.501 | H92: 48 | J92: No-show | K92: 7 | L92: 24 | M92: Self-referral | N92: BT15 | O92: 6 | P92: No | Q92: 155.46 | R92: ClinicSystem | S92: =COUNTIF(A:A,A92) -> 1 | T92: =IF(OR(H92="",LOWER(TRIM(H92&""))="missing",LOWER(TRIM(H92&""))=""),"Missing/",IFERROR(IF(OR(VALUE(H92)<0,VALUE(H92)>110),"Invalid","Valid"),"Check Format")) -> Valid | U92: =IF(Raw_Data[[#This Row],[Age_Check]]="Valid",H92,"") -> 48 | V92: =IF(OR(K92="",UPPER(TRIM(K92&""))="",LOWER(TRIM(K92&""))="",LOWER(TRIM(K92&""))="",LOWER(TRIM(K92&""))="missing"),"Missing/",IFERROR(IF(VALUE(K92)<0,"Invalid","Valid"),"Check Format")) -> Valid | W92: =IF(OR(E92="",F92=""),"Missing Date/Time",IFERROR(IF(F92>E92,"Arrival After Appointment","OK"),"Check Format")) -> OK | X92: =IF(OR(F92="",G92=""),"Missing Date/Time",IFERROR(IF(G92<F92,"Discharge Before Arrival","OK"),"Check Format")) -> OK
A93: A00093 | B93: P10126 | D93: CARDIOLOGY | E93: 45766.747 | F93: 45766.741 | G93: 45766.826 | H93: 92 | I93: F | K93: 108 | L93: 6 | M93: GP | N93: BT9 | O93: 2 | P93: Yes | R93: Legacy DB | S93: =COUNTIF(A:A,A93) -> 1 | T93: =IF(OR(H93="",LOWER(TRIM(H93&""))="missing",LOWER(TRIM(H93&""))=""),"Missing/",IFERROR(IF(OR(VALUE(H93)<0,VALUE(H93)>110),"Invalid","Valid"),"Check Format")) -> Valid | U93: =IF(Raw_Data[[#This Row],[Age_Check]]="Valid",H93,"") -> 92 | V93: =IF(OR(K93="",UPPER(TRIM(K93&""))="",LOWER(TRIM(K93&""))="",LOWER(TRIM(K93&""))="",LOWER(TRIM(K93&""))="missing"),"Missing/",IFERROR(IF(VALUE(K93)<0,"Invalid","Valid"),"Check Format")) -> Valid | W93: =IF(OR(E93="",F93=""),"Missing Date/Time",IFERROR(IF(F93>E93,"Arrival After Appointment","OK"),"Check Format")) -> OK | X93: =IF(OR(F93="",G93=""),"Missing Date/Time",IFERROR(IF(G93<F93,"Discharge Before Arrival","OK"),"Check Format")) -> OK
A94: A00094 | B94: P10071 | C94: Belfast City Hospital | D94: Orthopedics | E94: 45337.566 | F94: 45337.546 | G94: 45337.656 | H94: 145 | I94: Prefer not to say | J94: D | K94: 98 | L94: 32 | M94: Specialist | N94: BT12 | O94: 5 | P94: No | Q94: 66.48 | R94: HIS | S94: =COUNTIF(A:A,A94) -> 1 | T94: =IF(OR(H94="",LOWER(TRIM(H94&""))="missing",LOWER(TRIM(H94&""))=""),"Missing/",IFERROR(IF(OR(VALUE(H94)<0,VALUE(H94)>110),"Invalid","Valid"),"Check Format")) -> Invalid | U94: =IF(Raw_Data[[#This Row],[Age_Check]]="Valid",H94,"") | V94: =IF(OR(K94="",UPPER(TRIM(K94&""))="",LOWER(TRIM(K94&""))="",LOWER(TRIM(K94&""))="",LOWER(TRIM(K94&""))="missing"),"Missing/",IFERROR(IF(VALUE(K94)<0,"Invalid","Valid"),"Check Format")) -> Valid | W94: =IF(OR(E94="",F94=""),"Missing Date/Time",IFERROR(IF(F94>E94,"Arrival After Appointment","OK"),"Check Format")) -> OK | X94: =IF(OR(F94="",G94=""),"Missing Date/Time",IFERROR(IF(G94<F94,"Discharge Before Arrival","OK"),"Check Format")) -> OK
A95: A00095 | B95: P10176 | C95: Mater Hospital | D95: Orthopedics | E95: 45471.743 | F95: 45471.736 | G95: 45471.819 | I95: F | J95: Completed | K95: 74 | L95: 35 | M95: Self-referral | O95: 2 | P95: Yes | Q95: 96.98 | R95: ClinicSystem | S95: =COUNTIF(A:A,A95) -> 1 | T95: =IF(OR(H95="",LOWER(TRIM(H95&""))="missing",LOWER(TRIM(H95&""))=""),"Missing/",IFERROR(IF(OR(VALUE(H95)<0,VALUE(H95)>110),"Invalid","Valid"),"Check Format")) -> Missing/ | U95: =IF(Raw_Data[[#This Row],[Age_Check]]="Valid",H95,"") | V95: =IF(OR(K95="",UPPER(TRIM(K95&""))="",LOWER(TRIM(K95&""))="",LOWER(TRIM(K95&""))="",LOWER(TRIM(K95&""))="missing"),"Missing/",IFERROR(IF(VALUE(K95)<0,"Invalid","Valid"),"Check Format")) -> Valid | W95: =IF(OR(E95="",F95=""),"Missing Date/Time",IFERROR(IF(F95>E95,"Arrival After Appointment","OK"),"Check Format")) -> OK | X95: =IF(OR(F95="",G95=""),"Missing Date/Time",IFERROR(IF(G95<F95,"Discharge Before Arrival","OK"),"Check Format")) -> OK
A96: A00096 | B96: P10104 | C96: RVH | D96: CARDIOLOGY | E96: 45718.653 | F96: 45718.633 | G96: 45718.712 | H96: 145 | I96: M | J96: No-show | K96: 60 | L96: 25 | M96: GP | N96: BT12 | O96: 6 | P96: Yes | Q96: 154.08 | R96: ClinicSystem | S96: =COUNTIF(A:A,A96) -> 1 | T96: =IF(OR(H96="",LOWER(TRIM(H96&""))="missing",LOWER(TRIM(H96&""))=""),"Missing/",IFERROR(IF(OR(VALUE(H96)<0,VALUE(H96)>110),"Invalid","Valid"),"Check Format")) -> Invalid | U96: =IF(Raw_Data[[#This Row],[Age_Check]]="Valid",H96,"") | V96: =IF(OR(K96="",UPPER(TRIM(K96&""))="",LOWER(TRIM(K96&""))="",LOWER(TRIM(K96&""))="",LOWER(TRIM(K96&""))="missing"),"Missing/",IFERROR(IF(VALUE(K96)<0,"Invalid","Valid"),"Check Format")) -> Valid | W96: =IF(OR(E96="",F96=""),"Missing Date/Time",IFERROR(IF(F96>E96,"Arrival After Appointment","OK"),"Check Format")) -> OK | X96: =IF(OR(F96="",G96=""),"Missing Date/Time",IFERROR(IF(G96<F96,"Discharge Before Arrival","OK"),"Check Format")) -> OK
A97: A00097 | B97: P10097 | C97: Royal Victoria Hospital | D97: Out Patient | E97: 45514.594 | F97: 45514.577 | G97: 45514.692 | H97: 145 | I97: M | J97: Discharged | K97: 81 | L97: 60 | N97: BT9 | P97: No | Q97: 45.97 | R97: LegacyDB | S97: =COUNTIF(A:A,A97) -> 1 | T97: =IF(OR(H97="",LOWER(TRIM(H97&""))="missing",LOWER(TRIM(H97&""))=""),"Missing/",IFERROR(IF(OR(VALUE(H97)<0,VALUE(H97)>110),"Invalid","Valid"),"Check Format")) -> Invalid | U97: =IF(Raw_Data[[#This Row],[Age_Check]]="Valid",H97,"") | V97: =IF(OR(K97="",UPPER(TRIM(K97&""))="",LOWER(TRIM(K97&""))="",LOWER(TRIM(K97&""))="",LOWER(TRIM(K97&""))="missing"),"Missing/",IFERROR(IF(VALUE(K97)<0,"Invalid","Valid"),"Check Format")) -> Valid | W97: =IF(OR(E97="",F97=""),"Missing Date/Time",IFERROR(IF(F97>E97,"Arrival After Appointment","OK"),"Check Format")) -> OK | X97: =IF(OR(F97="",G97=""),"Missing Date/Time",IFERROR(IF(G97<F97,"Discharge Before Arrival","OK"),"Check Format")) -> OK
A98: A00098 | B98: P10189 | C98: RVH | D98: Neurology | E98: 04-22-2025 08:55 | F98: 45769.359 | G98: 45769.467 | H98: 94 | I98: Non-binary | J98: Cancelled | K98: 132 | L98: 5 | N98: BT12 | P98: No | Q98: 132.86 | R98: ClinicSystem | S98: =COUNTIF(A:A,A98) -> 1 | T98: =IF(OR(H98="",LOWER(TRIM(H98&""))="missing",LOWER(TRIM(H98&""))=""),"Missing/",IFERROR(IF(OR(VALUE(H98)<0,VALUE(H98)>110),"Invalid","Valid"),"Check Format")) -> Valid | U98: =IF(Raw_Data[[#This Row],[Age_Check]]="Valid",H98,"") -> 94 | V98: =IF(OR(K98="",UPPER(TRIM(K98&""))="",LOWER(TRIM(K98&""))="",LOWER(TRIM(K98&""))="",LOWER(TRIM(K98&""))="missing"),"Missing/",IFERROR(IF(VALUE(K98)<0,"Invalid","Valid"),"Check Format")) -> Valid | W98: =IF(OR(E98="",F98=""),"Missing Date/Time",IFERROR(IF(F98>E98,"Arrival After Appointment","OK"),"Check Format")) -> OK | X98: =IF(OR(F98="",G98=""),"Missing Date/Time",IFERROR(IF(G98<F98,"Discharge Before Arrival","OK"),"Check Format")) -> OK
A99: A00099 | B99: P10407 | C99: RVH | D99: Orthopaedics | E99: 45555.622 | F99: 45555.606 | G99: 45555.701 | I99: F | J99: Cancelled | K99: 78 | L99: 37 | M99: GP | N99: BT2 | O99: 0 | P99: No | Q99: 95.18 | R99: ClinicSystem | S99: =COUNTIF(A:A,A99) -> 1 | T99: =IF(OR(H99="",LOWER(TRIM(H99&""))="missing",LOWER(TRIM(H99&""))=""),"Missing/",IFERROR(IF(OR(VALUE(H99)<0,VALUE(H99)>110),"Invalid","Valid"),"Check Format")) -> Missing/ | U99: =IF(Raw_Data[[#This Row],[Age_Check]]="Valid",H99,"") | V99: =IF(OR(K99="",UPPER(TRIM(K99&""))="",LOWER(TRIM(K99&""))="",LOWER(TRIM(K99&""))="",LOWER(TRIM(K99&""))="missing"),"Missing/",IFERROR(IF(VALUE(K99)<0,"Invalid","Valid"),"Check Format")) -> Valid | W99: =IF(OR(E99="",F99=""),"Missing Date/Time",IFERROR(IF(F99>E99,"Arrival After Appointment","OK"),"Check Format")) -> OK | X99: =IF(OR(F99="",G99=""),"Missing Date/Time",IFERROR(IF(G99<F99,"Discharge Before Arrival","OK"),"Check Format")) -> OK
A100: A00100 | B100: P10003 | C100: Mater Hospital | D100: Pediatrics | E100: 45758.5 | G100: 45758.551 | I100: F | J100: Cancelled | K100: 50 | L100: 23 | N100: BT7 | O100: 6 | P100: No | Q100: 97.85 | R100: Legacy DB | S100: =COUNTIF(A:A,A100) -> 1 | T100: =IF(OR(H100="",LOWER(TRIM(H100&""))="missing",LOWER(TRIM(H100&""))=""),"Missing/",IFERROR(IF(OR(VALUE(H100)<0,VALUE(H100)>110),"Invalid","Valid"),"Check Format")) -> Missing/ | U100: =IF(Raw_Data[[#This Row],[Age_Check]]="Valid",H100,"") | V100: =IF(OR(K100="",UPPER(TRIM(K100&""))="",LOWER(TRIM(K100&""))="",LOWER(TRIM(K100&""))="",LOWER(TRIM(K100&""))="missing"),"Missing/",IFERROR(IF(VALUE(K100)<0,"Invalid","Valid"),"Check Format")) -> Valid | W100: =IF(OR(E100="",F100=""),"Missing Date/Time",IFERROR(IF(F100>E100,"Arrival After Appointment","OK"),"Check Format")) -> Missing Date/Time | X100: =IF(OR(F100="",G100=""),"Missing Date/Time",IFERROR(IF(G100<F100,"Discharge Before Arrival","OK"),"Check Format")) -> Missing Date/Time
...

Sheet Duplicate_investigation
A1: Column1 | B1: patient_id | C1: hospital | D1: department | E1: appointment_datetime | F1: arrival_datetime | G1: discharge_datetime | H1: age | I1: gender | J1: appointment_status | K1: waiting_time_minutes | L1: consultation_duration_minutes | M1: referral_source | N1: postcode_area | O1: patient_satisfaction | P1: follow_up_required | Q1: cost_gbp | R1: data_source | S1: ID_Count | T1: Same_Patient? | U1: Same_Appointment_Details? | V1: Recommended_Action
A2: A00049 | B2: P10056 | C2: Belfast City Hospital | D2: Orthopedics | E2: 45352.465 | F2: 45294.458 | G2: 45294.549 | I2: Female | J2: No-show | K2: 65 | L2: 55 | M2: Self-referral | N2: BT12 | O2: N/A | P2: N | Q2: 16.4 | R2: HIS | S2: 2 | T2: YES | U2: YES | V2: Remove
A3: A00049 | B3: P10056 | C3: Belfast City Hospital | D3: Orthopedics | E3: 45352.465 | F3: 45294.458 | G3: 45294.549 | I3: Female | J3: No-show | K3: 65 | L3: 55 | M3: Self-referral | N3: BT12 | O3: N/A | P3: N | Q3: 16.4 | R3: HIS | S3: 2 | T3: YES | U3: YES | V3: Remove
A4: A00057 | B4: P10410 | D4: Emergency | E4: 45719.462 | F4: 45719.442 | G4: 45719.552 | H4: 13 | I4: female | J4: complete | K4: 91 | L4: 39 | N4: UNKNOWN | P4: No | Q4: 210.76 | R4: LegacyDB | S4: 2 | T4: NO | U4: NO | V4: Keep
A5: A00057 | B5: P10052 | C5: Mater Hospital | D5: Cardiology | E5: 45835.635 | F5: 45835.632 | G5: 45835.74 | H5: 9 | I5: MALE | J5: Discharged | K5: 124 | L5: 27 | M5: Online | O5: N/A | P5: yes | Q5: 84.7 | R5: Legacy DB | S5: 2 | T5: NO | U5: NO | V5: Keep
A6: A00121 | B6: P10440 | C6: Mater Hosp. | D6: Emergency | E6: 06-15-2025 17:35 | F6: 45823.722 | H6: unknown | I6: Male | J6: Completed | K6: 109 | L6: 47 | M6: Emergency | N6: BT15 | O6: 3 | P6: N | Q6: 132.2 | R6: ClinicSystem | S6: 2 | T6: YES | U6: YES | V6: Remove
A7: A00121 | B7: P10440 | C7: Mater Hosp. | D7: Emergency | E7: 06-15-2025 17:35 | F7: 45823.722 | H7: unknown | I7: Male | J7: Completed | K7: 109 | L7: 47 | M7: Emergency | N7: BT15 | O7: 3 | P7: N | Q7: 132.2 | R7: ClinicSystem | S7: 2 | T7: YES | U7: YES | V7: Remove
A8: A00159 | B8: P10368 | C8: Royal Victoria Hospital | D8: CARDIOLOGY | E8: 45568.698 | F8: 45568.681 | H8: 77 | I8: Non-binary | J8: No-show | K8: 54 | L8: 28 | M8: Specialist | N8: BT15 | O8: 3 | P8: Yes | Q8: 194.13 | R8: ClinicSystem | S8: 2 | T8: YES | U8: YES | V8: Remove
A9: A00159 | B9: P10368 | C9: Royal Victoria Hospital | D9: CARDIOLOGY | E9: 45568.698 | F9: 45568.681 | H9: 77 | I9: Non-binary | J9: No-show | K9: 54 | L9: 28 | M9: Specialist | N9: BT15 | O9: 3 | P9: Yes | Q9: 194.13 | R9: ClinicSystem | S9: 2 | T9: YES | U9: YES | V9: Remove
A10: A00184 | B10: P10134 | C10: Mater Hospital | D10: Oncology | F10: 45332.717 | G10: 45332.791 | H10: 145 | I10: Non-binary | J10: Cancelled | K10: 44 | L10: 50 | N10: BT9 | Q10: 98.85 | R10: HIS | S10: 2 | T10: NO | U10: NO | V10: Keep
A11: A00184 | B11: P10076 | C11: Mater Hospital | D11: A&E | E11: 05-22-2024 14:10 | F11: 45434.577 | G11: 45434.658 | H11: 84 | I11: female | J11: DNA | K11: 87 | L11: 11 | M11: Walk-in | N11: BT2 | O11: 0 | P11: No | Q11: 187.38 | R11: HIS | S11: 2 | T11: NO | U11: NO | V11: Keep
A12: A00191 | B12: P10109 | C12: Mater Hosp. | D12: Orthopaedics | E12: 45967.372 | F12: 45967.354 | G12: 45967.428 | H12: unknown | I12: Female | J12: DNA | K12: 42 | L12: 39 | M12: Self-referral | N12: bt7 | O12: 1 | P12: N | Q12: 111.32 | R12: HIS | S12: 2 | T12: YES | U12: YES | V12: Remove
A13: A00191 | B13: P10109 | C13: Mater Hosp. | D13: Orthopaedics | E13: 45967.372 | F13: 45967.354 | G13: 45967.428 | H13: unknown | I13: Female | J13: DNA | K13: 42 | L13: 39 | M13: Self-referral | N13: bt7 | O13: 1 | P13: N | Q13: 111.32 | R13: HIS | S13: 2 | T13: YES | U13: YES | V13: Remove
A14: A00237 | B14: P10291 | C14: Belfast City Hospital | D14: Cardiology | E14: 45623.295 | F14: 45623.291 | G14: 45623.379 | H14: -4 | I14: MALE | J14: Discharged | K14: 79 | L14: 42 | M14: GP | N14: BT7 | O14: N/A | P14: N | Q14: 120.24 | R14: Legacy DB | S14: 2 | T14: NO | U14: NO | V14: Keep
A15: A00237 | B15: P10295 | C15: RVH | D15: Orthopedics | E15: 45349.639 | F15: 45349.619 | G15: 45349.693 | I15: Female | J15: Discharged | K15: 69 | L15: 9 | M15: Walk-in | N15: bt7 | O15: 6 | P15: yes | Q15: 218.92 | R15: Legacy DB | S15: 2 | T15: NO | U15: NO | V15: Keep
A16: A00276 | B16: P10089 | C16: Mater Hospital | D16: Oncology | E16: 45965.406 | F16: 45758.404 | H16: 73 | I16: MALE | J16: No-show | K16: 101 | L16: 15 | M16: GP | N16: BT15 | O16: 6 | P16: No | R16: LegacyDB | S16: 2 | T16: YES | U16: YES | V16: Remove
A17: A00276 | B17: P10089 | C17: Mater Hospital | D17: Oncology | E17: 45965.406 | F17: 45758.404 | H17: 73 | I17: MALE | J17: No-show | K17: 101 | L17: 15 | M17: GP | N17: BT15 | O17: 6 | P17: No | R17: LegacyDB | S17: 2 | T17: YES | U17: YES | V17: Remove
A18: A00289 | B18: P10437 | C18: Mater Hosp. | D18: Orthopedics | E18: 45611.733 | F18: 45611.731 | G18: 45611.806 | I18: F | J18: DNA | K18: 71 | L18: 34 | M18: GP | N18: BT99 | O18: 0 | P18: yes | Q18: 184.4 | R18: HIS | S18: 2 | T18: NO | U18: NO | V18: Keep
A19: A00289 | B19: P10102 | C19: Mater Hosp. | D19: Cardiology | E19: 45396.757 | F19: 45396.739 | G19: 45396.857 | H19: unknown | J19: Cancelled | K19: 68 | L19: 76 | M19: GP | N19: bt7 | O19: N/A | P19: yes | Q19: 93.98 | R19: HIS | S19: 2 | T19: NO | U19: NO | V19: Keep
A20: A00347 | B20: P10246 | D20: Out Patient | E20: 45908.41 | F20: 45878.407 | G20: 45878.476 | K20: 33 | L20: 63 | N20: UNKNOWN | O20: 6 | P20: yes | Q20: 160.83 | R20: ClinicSystem | S20: 2 | T20: NO | U20: NO | V20: Keep
A21: A00347 | B21: P10419 | C21: Belfast City Hospital | D21: Emergency | E21: 45300.656 | F21: 45300.652 | G21: 45300.697 | H21: 81 | I21: Prefer not to say | J21: No-show | K21: 35 | L21: 23 | M21: Specialist | N21: BT99 | O21: N/A | P21: Y | Q21: 119.37 | R21: Legacy DB | S21: 2 | T21: NO | U21: NO | V21: Keep
A22: A00368 | B22: P10219 | C22: Ulster Hospital | D22: Out Patient | E22: 45305.417 | F22: 45305.416 | G22: 45305.464 | H22: 37 | I22: F | J22: Cancelled | K22: 60 | L22: 8 | N22: BT9 | O22: N/A | P22: yes | Q22: 224.7 | R22: HIS | S22: 2 | T22: NO | U22: NO | V22: Keep
A23: A00368 | B23: P10117 | C23: RVH | D23: Pediatrics | E23: 10-21-2025 07:40 | F23: 45951.315 | G23: 45951.351 | H23: unknown | I23: M | J23: complete | K23: 40 | L23: 5 | N23: UNKNOWN | O23: 0 | P23: No | R23: HIS | S23: 2 | T23: NO | U23: NO | V23: Keep
A24: A00383 | B24: P10382 | C24: Belfast City Hospital | D24: Accident & Emergency | E24: 10-30-2024 10:35 | F24: 45595.435 | G24: 45595.56 | J24: CANCELLED | K24: 142 | L24: 30 | M24: Online | N24: BT9 | O24: N/A | P24: N | R24: LegacyDB | S24: 2 | T24: YES | U24: YES | V24: Remove
A25: A00383 | B25: P10382 | C25: Belfast City Hospital | D25: Accident & Emergency | E25: 10-30-2024 10:35 | F25: 45595.435 | G25: 45595.56 | J25: CANCELLED | K25: 142 | L25: 30 | M25: Online | N25: BT9 | O25: N/A | P25: N | R25: LegacyDB | S25: 2 | T25: YES | U25: YES | V25: Remove
A26: A00385 | B26: P10155 | D26: Cardiology | E26: 45853.545 | F26: 45853.533 | G26: 45853.644 | I26: F | J26: No-show | K26: 99 | L26: 43 | M26: Specialist | N26: BT9 | P26: No | Q26: 53.56 | R26: HIS | S26: 2 | T26: NO | U26: NO | V26: Keep
A27: A00385 | B27: P10091 | C27: Belfast City Hospital | D27: A&E | E27: 03-13-2025 17:10 | F27: 45729.704 | G27: 45729.803 | H27: 55 | I27: female | J27: Completed | K27: 115 | L27: 11 | M27: Specialist | N27: BT1 | O27: 0 | P27: N | Q27: 169.21 | R27: Legacy DB | S27: 2 | T27: NO | U27: NO | V27: Keep
A28: A00511 | B28: P10262 | C28: Ulster Hospital | D28: Oncology | E28: 11-29-2025 11:15 | F28: 45990.459 | G28: 45990.554 | H28: unknown | I28: F | J28: Discharged | K28: 64 | L28: 59 | M28: Online | N28: BT7 | P28: Y | Q28: 305.49 | R28: Legacy DB | S28: 2 | T28: YES | U28: YES | V28: Remove
A29: A00511 | B29: P10262 | C29: Ulster Hospital | D29: Oncology | E29: 11-29-2025 11:15 | F29: 45990.459 | G29: 45990.554 | H29: unknown | I29: F | J29: Discharged | K29: 64 | L29: 59 | M29: Online | N29: BT7 | P29: Y | Q29: 305.49 | R29: Legacy DB | S29: 2 | T29: YES | U29: YES | V29: Remove
A30: A00612 | B30: P10105 | D30: Outpatient | F30: 45815.297 | G30: 45815.369 | H30: 145 | I30: F | J30: Completed | K30: 62 | L30: 29 | M30: Online | N30: BT99 | Q30: 198.71 | R30: ClinicSystem | S30: 2 | T30: NO | U30: NO | V30: Keep
A31: A00612 | B31: P10227 | C31: Mater Hosp. | D31: Out Patient | E31: 45323.667 | F31: 45323.646 | G31: 45323.724 | H31: 47 | I31: M | J31: Completed | K31: 65 | L31: 18 | N31: BT15 | O31: 0 | P31: No | R31: HIS | S31: 2 | T31: NO | U31: NO | V31: Keep
A32: A00680 | B32: P10230 | C32: Ulster Hospital | D32: Orthopaedics | E32: 45506.424 | F32: 45506.423 | I32: Non-binary | J32: Pending | K32: 84 | L32: 53 | N32: BT7 | O32: 0 | P32: N | R32: LegacyDB | S32: 2 | T32: YES | U32: YES | V32: Remove
A33: A00680 | B33: P10230 | C33: Ulster Hospital | D33: Orthopaedics | E33: 45506.424 | F33: 45506.423 | I33: Non-binary | J33: Pending | K33: 84 | L33: 53 | N33: BT7 | O33: 0 | P33: N | R33: LegacyDB | S33: 2 | T33: YES | U33: YES | V33: Remove
A34: A00689 | B34: P10320 | C34: Belfast city hospital | D34: Oncology | E34: 45833.361 | F34: 45833.347 | G34: 45833.441 | H34: 63 | I34: Unknown | K34: 87 | L34: 28 | M34: Specialist | N34: bt7 | O34: N/A | P34: Yes | Q34: 123.84 | R34: ClinicSystem | S34: 2 | T34: NO | U34: NO | V34: Keep
A35: A00689 | B35: P10152 | C35: Mater Hospital | D35: Orthopedics | E35: 09-25-2025 17:20 | G35: 45925.752 | I35: Unknown | J35: No-show | K35: 0 | L35: 43 | N35: BT9 | P35: Yes | Q35: 45.86 | R35: HIS | S35: 2 | T35: NO | U35: NO | V35: Keep
A36: A00700 | B36: P10152 | C36: Ulster Hospital | D36: Neurology | E36: 45859.319 | F36: 45859.305 | G36: 45859.377 | H36: 67 | I36: female | J36: CANCELLED | K36: 57 | L36: 26 | M36: GP | N36: BT9 | O36: 6 | P36: No | Q36: 157.42 | R36: HIS | S36: 2 | T36: NO | U36: NO | V36: Keep
A37: A00700 | B37: P10146 | C37: Mater Hospital | D37: Paediatrics | E37: 45912.319 | F37: 45912.304 | G37: 45912.39 | H37: 74 | I37: female | J37: Discharged | K37: 86 | L37: 16 | O37: N/A | P37: Y | Q37: 92.35 | R37: Legacy DB | S37: 2 | T37: NO | U37: NO | V37: Keep
A38: A00740 | B38: P10295 | C38: RVH | D38: Accident & Emergency | E38: 07-25-2025 17:30 | F38: 45863.726 | G38: 45863.756 | H38: 48 | K38: 29 | L38: 9 | M38: Specialist | N38: BT15 | O38: 3 | Q38: 126.28 | R38: HIS | S38: 2 | T38: NO | U38: NO | V38: Keep
A39: A00740 | B39: P10117 | D39: GP Referral | E39: 45902.507 | F39: 45902.501 | G39: 45902.592 | I39: Unknown | J39: CANCELLED | K39: 74 | L39: 49 | M39: Walk-in | N39: bt7 | O39: 2 | R39: HIS | S39: 2 | T39: NO | U39: NO | V39: Keep
A40: A00844 | B40: P10127 | C40: Belfast City Hospital | D40: Paediatrics | E40: 03-24-2025 13:10 | F40: 45740.535 | G40: 45740.574 | H40: 10 | I40: M | J40: CANCELLED | K40: 30 | L40: 7 | M40: GP | N40: BT99 | O40: 2 | P40: No | Q40: 169.31 | R40: ClinicSystem | S40: 2 | T40: NO | U40: NO | V40: Keep
A41: A00844 | B41: P10338 | C41: Mater Hospital | D41: Orthopaedics | E41: 45887.75 | F41: 45887.731 | G41: 45887.826 | H41: -4 | I41: Non-binary | J41: Cancelled | K41: 83 | L41: 27 | M41: Online | N41: BT2 | Q41: 261.26 | R41: HIS | S41: 2 | T41: NO | U41: NO | V41: Keep
A42: A00882 | B42: P10168 | C42: Royal Victoria Hospital | D42: Neurology | E42: 03-24-2024 14:00 | F42: 45375.566 | G42: 45375.66 | H42: 63 | I42: Unknown | J42: Discharged | K42: 56 | L42: 54 | N42: UNKNOWN | O42: 1 | P42: No | Q42: 232.72 | R42: HIS | S42: 2 | T42: YES | U42: YES | V42: Remove
A43: A00882 | B43: P10168 | C43: Royal Victoria Hospital | D43: Neurology | E43: 03-24-2024 14:00 | F43: 45375.566 | G43: 45375.66 | H43: 63 | I43: Unknown | J43: Discharged | K43: 56 | L43: 54 | N43: UNKNOWN | O43: 1 | P43: No | Q43: 232.72 | R43: HIS | S43: 2 | T43: YES | U43: YES | V43: Remove
A44: A00901 | B44: P10068 | C44: Belfast city hospital | D44: Oncology | E44: 45959.615 | F44: 45959.597 | G44: 45959.692 | I44: Male | J44: Pending | K44: 64 | L44: 48 | N44: BT1 | O44: 2 | P44: yes | Q44: 62.4 | R44: LegacyDB | S44: 2 | T44: YES | U44: YES | V44: Remove
A45: A00901 | B45: P10068 | C45: Belfast city hospital | D45: Oncology | E45: 45959.615 | F45: 45959.597 | G45: 45959.692 | I45: Male | J45: Pending | K45: 64 | L45: 48 | N45: BT1 | O45: 2 | P45: yes | Q45: 62.4 | R45: LegacyDB | S45: 2 | T45: YES | U45: YES | V45: Remove
A46: A00994 | B46: P10011 | C46: Belfast city hospital | D46: Accident & Emergency | E46: 45294.76 | F46: 45352.745 | G46: 45352.835 | H46: 145 | I46: MALE | J46: Completed | K46: 84 | L46: 24 | M46: Walk-in | N46: BT9 | O46: N/A | Q46: 54.59 | R46: HIS | S46: 2 | T46: YES | U46: YES | V46: Remove
A47: A00994 | B47: P10011 | C47: Belfast city hospital | D47: Accident & Emergency | E47: 45294.76 | F47: 45352.745 | G47: 45352.835 | H47: 145 | I47: MALE | J47: Completed | K47: 84 | L47: 24 | M47: Walk-in | N47: BT9 | O47: N/A | Q47: 54.59 | R47: HIS | S47: 2 | T47: YES | U47: YES | V47: Remove
A48: A01042 | B48: P10051 | D48: Orthopedics | E48: 45345.778 | F48: 45345.776 | G48: 45345.865 | I48: Male | J48: Discharged | K48: 72 | L48: 53 | M48: Emergency | N48: BT12 | O48: 0 | P48: yes | Q48: 35.27 | R48: HIS | S48: 2 | T48: NO | U48: NO | V48: Keep
A49: A01042 | B49: P10268 | C49: RVH | D49: Emergency | E49: 45371.649 | F49: 45371.647 | G49: 45371.69 | H49: -4 | I49: Unknown | J49: Cancelled | K49: 33 | L49: 26 | M49: GP | N49: BT7 | O49: N/A | P49: No | Q49: 82.3 | R49: HIS | S49: 2 | T49: NO | U49: NO | V49: Keep
A50: A01049 | B50: P10153 | C50: Royal Victoria Hospital | D50: Emergency | E50: 45670.451 | F50: 45670.434 | G50: 45670.515 | H50: -4 | K50: 82 | L50: 9 | M50: Walk-in | N50: BT7 | Q50: 281.2 | R50: LegacyDB | S50: 2 | T50: YES | U50: YES | V50: Remove
A51: A01049 | B51: P10153 | C51: Royal Victoria Hospital | D51: Emergency | E51: 45670.451 | F51: 45670.434 | G51: 45670.515 | H51: -4 | K51: 82 | L51: 9 | M51: Walk-in | N51: BT7 | Q51: 281.2 | R51: LegacyDB | S51: 2 | T51: YES | U51: YES | V51: Remove
A52: A01050 | B52: P10127 | C52: Mater Hospital | D52: Accident & Emergency | E52: 12-16-2025 18:55 | F52: 46007.769 | G52: 46007.876 | H52: 145 | I52: F | J52: complete | K52: 65 | L52: 61 | M52: GP | N52: BT2 | O52: 3 | P52: No | Q52: 86.36 | R52: HIS | S52: 2 | T52: NO | U52: NO | V52: Keep
A53: A01050 | B53: P10280 | C53: RVH | D53: Pediatrics | E53: 08-17-2024 12:20 | F53: 45521.505 | G53: 45521.629 | H53: -4 | I53: Male | J53: DNA | K53: 121 | L53: 45 | N53: UNKNOWN | O53: 6 | P53: N | Q53: 189.24 | R53: ClinicSystem | S53: 2 | T53: NO | U53: NO | V53: Keep
A54: A01202 | B54: P10232 | C54: Ulster Hospital | D54: Pediatrics | E54: 02-18-2024 08:05 | F54: 45340.324 | G54: 45340.411 | H54: 30 | I54: Non-binary | J54: Discharged | K54: 102 | L54: 5 | M54: Online | N54: BT7 | P54: N | Q54: 185.22 | R54: LegacyDB | S54: 2 | T54: YES | U54: YES | V54: Remove
A55: A01202 | B55: P10232 | C55: Ulster Hospital | D55: Pediatrics | E55: 02-18-2024 08:05 | F55: 45340.324 | G55: 45340.411 | H55: 30 | I55: Non-binary | J55: Discharged | K55: 102 | L55: 5 | M55: Online | N55: BT7 | P55: N | Q55: 185.22 | R55: LegacyDB | S55: 2 | T55: YES | U55: YES | V55: Remove
A56: A01214 | B56: P10005 | C56: Ulster Hospital | D56: Accident & Emergency | E56: 45391.34 | G56: 45391.362 | H56: -4 | I56: MALE | J56: CANCELLED | K56: 0 | L56: 31 | M56: GP | O56: N/A | P56: No | Q56: 196.24 | R56: HIS | S56: 2 | T56: YES | U56: YES | V56: Remove
A57: A01214 | B57: P10005 | C57: Ulster Hospital | D57: Accident & Emergency | E57: 45391.34 | G57: 45391.362 | H57: -4 | I57: MALE | J57: CANCELLED | K57: 0 | L57: 31 | M57: GP | O57: N/A | P57: No | Q57: 196.24 | R57: HIS | S57: 2 | T57: YES | U57: YES | V57: Remove
A58: A01323 | B58: P10346 | C58: Mater Hosp. | D58: CARDIOLOGY | E58: 45696.781 | F58: 45696.781 | G58: 45696.872 | H58: -4 | I58: Male | J58: CANCELLED | K58: 69 | L58: 61 | M58: Online | N58: BT12 | P58: yes | Q58: 156.19 | R58: HIS | S58: 2 | T58: YES | U58: YES | V58: Remove
A59: A01323 | B59: P10346 | C59: Mater Hosp. | D59: CARDIOLOGY | E59: 45696.781 | F59: 45696.781 | G59: 45696.872 | H59: -4 | I59: Male | J59: CANCELLED | K59: 69 | L59: 61 | M59: Online | N59: BT12 | P59: yes | Q59: 156.19 | R59: HIS | S59: 2 | T59: YES | U59: YES | V59: Remove
A60: A01363 | B60: P10404 | C60: Belfast city hospital | D60: Outpatient | E60: 45325.628 | F60: 45325.612 | G60: 45325.666 | I60: Unknown | J60: Cancelled | K60: 18 | L60: 36 | M60: GP | N60: UNKNOWN | O60: N/A | P60: N | Q60: 0 | R60: HIS | S60: 2 | T60: NO | U60: NO | V60: Keep
A61: A01363 | B61: P10415 | C61: Mater Hospital | D61: General Medicine | E61: 45876.538 | F61: 45876.531 | G61: 45876.607 | H61: -4 | I61: female | J61: Discharged | K61: 77 | L61: 22 | M61: Walk-in | N61: BT12 | O61: N/A | Q61: 298.88 | R61: LegacyDB | S61: 2 | T61: NO | U61: NO | V61: Keep
A62: A01381 | B62: P10271 | C62: RVH | D62: Pediatrics | E62: 45440.733 | F62: 45440.727 | G62: 45440.789 | H62: 145 | I62: M | J62: DNA | K62: 50 | L62: 31 | M62: GP | N62: BT9 | O62: 6 | P62: yes | Q62: 89.89 | R62: Legacy DB | S62: 2 | T62: NO | U62: NO | V62: Keep
A63: A01381 | B63: P10422 | C63: Mater Hosp. | D63: A&E | E63: 01-16-2025 07:15 | F63: 45673.285 | G63: 45673.378 | H63: unknown | I63: Female | J63: No-show | K63: 65 | L63: 45 | M63: Self-referral | N63: BT15 | O63: 0 | P63: N | Q63: 15.73 | R63: Legacy DB | S63: 2 | T63: NO | U63: NO | V63: Keep
A64: A01408 | B64: P10441 | C64: Belfast City Hospital | D64: General Medicine | E64: 45523.753 | F64: 45523.742 | G64: 45523.791 | H64: 65 | I64: Non-binary | J64: Pending | K64: 49 | L64: 5 | M64: Specialist | N64: BT99 | O64: 6 | P64: No | Q64: 108.62 | R64: LegacyDB | S64: 2 | T64: YES | U64: YES | V64: Remove
A65: A01408 | B65: P10441 | C65: Belfast City Hospital | D65: General Medicine | E65: 45523.753 | F65: 45523.742 | G65: 45523.791 | H65: 65 | I65: Non-binary | J65: Pending | K65: 49 | L65: 5 | M65: Specialist | N65: BT99 | O65: 6 | P65: No | Q65: 108.62 | R65: LegacyDB | S65: 2 | T65: YES | U65: YES | V65: Remove
A66: A01428 | B66: P10086 | C66: Mater Hosp. | D66: General Medicine | E66: 45491.556 | F66: 45491.545 | G66: 45491.621 | H66: -4 | I66: Prefer not to say | J66: Pending | K66: 57 | L66: 37 | N66: BT12 | O66: 0 | P66: No | Q66: 290.07 | R66: HIS | S66: 2 | T66: YES | U66: YES | V66: Remove
A67: A01428 | B67: P10086 | C67: Mater Hosp. | D67: General Medicine | E67: 45491.556 | F67: 45491.545 | G67: 45491.621 | H67: -4 | I67: Prefer not to say | J67: Pending | K67: 57 | L67: 37 | N67: BT12 | O67: 0 | P67: No | Q67: 290.07 | R67: HIS | S67: 2 | T67: YES | U67: YES | V67: Remove
A68: A01463 | B68: P10136 | C68: RVH | D68: Accident & Emergency | E68: 45336.309 | F68: 45336.291 | G68: 45336.406 | H68: -4 | I68: Prefer not to say | J68: No-show | K68: 70 | L68: 69 | M68: GP | N68: BT15 | O68: 2 | P68: No | Q68: 24.05 | R68: Legacy DB | S68: 2 | T68: YES | U68: YES | V68: Remove
A69: A01463 | B69: P10136 | C69: RVH | D69: Accident & Emergency | E69: 45336.309 | F69: 45336.291 | G69: 45336.406 | H69: -4 | I69: Prefer not to say | J69: No-show | K69: 70 | L69: 69 | M69: GP | N69: BT15 | O69: 2 | P69: No | Q69: 24.05 | R69: Legacy DB | S69: 2 | T69: YES | U69: YES | V69: Remove
A70: A01628 | B70: P10098 | C70: Ulster Hospital | D70: Out Patient | E70: 45602.559 | F70: 45454.549 | G70: 45454.618 | H70: unknown | K70: 71 | L70: 14 | M70: GP | N70: BT1 | P70: No | Q70: 164.96 | R70: ClinicSystem | S70: 2 | T70: YES | U70: YES | V70: Remove
A71: A01628 | B71: P10098 | C71: Ulster Hospital | D71: Out Patient | E71: 45602.559 | F71: 45454.549 | G71: 45454.618 | H71: unknown | K71: 71 | L71: 14 | M71: GP | N71: BT1 | P71: No | Q71: 164.96 | R71: ClinicSystem | S71: 2 | T71: YES | U71: YES | V71: Remove
A72: A01708 | B72: P10128 | C72: Mater Hospital | D72: Orthopaedics | E72: 45983.618 | F72: 45983.6 | G72: 45983.736 | I72: Female | J72: CANCELLED | K72: 82 | L72: 600 | M72: Specialist | N72: BT2 | O72: N/A | P72: No | Q72: 209.64 | R72: Legacy DB | S72: 2 | T72: YES | U72: YES | V72: Remove
A73: A01708 | B73: P10128 | C73: Mater Hospital | D73: Orthopaedics | E73: 45983.618 | F73: 45983.6 | G73: 45983.736 | I73: Female | J73: CANCELLED | K73: 82 | L73: 600 | M73: Specialist | N73: BT2 | O73: N/A | P73: No | Q73: 209.64 | R73: Legacy DB | S73: 2 | T73: YES | U73: YES | V73: Remove
A74: A01717 | B74: P10251 | C74: Belfast City Hospital | D74: Oncology | E74: 45942.517 | F74: 46001.498 | G74: 46001.556 | H74: 85 | I74: F | J74: No-show | K74: 51 | L74: 5 | M74: Self-referral | P74: No | Q74: 327.17 | R74: HIS | S74: 2 | T74: YES | U74: YES | V74: Remove
A75: A01717 | B75: P10251 | C75: Belfast City Hospital | D75: Oncology | E75: 45942.517 | F75: 46001.498 | G75: 46001.556 | H75: 85 | I75: F | J75: No-show | K75: 51 | L75: 5 | M75: Self-referral | P75: No | Q75: 327.17 | R75: HIS | S75: 2 | T75: YES | U75: YES | V75: Remove
A76: A01750 | B76: P10330 | C76: Ulster Hospital | D76: CARDIOLOGY | E76: 45296.726 | F76: 45296.725 | G76: 45296.755 | H76: unknown | I76: M | J76: DNA | K76: 37 | L76: 5 | M76: Emergency | N76: BT99 | O76: 4 | P76: Y | Q76: 210.35 | R76: HIS | S76: 2 | T76: NO | U76: NO | V76: Keep
A77: A01750 | B77: P10008 | C77: Royal Victoria Hospital | D77: Neurology | E77: 45485.42 | F77: 45485.415 | G77: 45485.443 | H77: 20 | I77: female | J77: Discharged | K77: 9 | L77: 24 | M77: Self-referral | N77: UNKNOWN | O77: 6 | P77: No | Q77: 124.39 | R77: Legacy DB | S77: 2 | T77: NO | U77: NO | V77: Keep
A78: A01759 | B78: P10227 | C78: Mater Hospital | D78: Oncology | E78: 45767.323 | F78: 45767.303 | H78: 145 | I78: Unknown | J78: Completed | K78: 43 | L78: 48 | M78: GP | N78: BT12 | O78: 2 | P78: Yes | Q78: 154.88 | R78: LegacyDB | S78: 2 | T78: NO | U78: NO | V78: Keep
A79: A01759 | B79: P10316 | C79: Ulster Hospital | D79: CARDIOLOGY | E79: 45410.295 | F79: 45410.275 | G79: 45410.351 | H79: -4 | I79: F | J79: Pending | K79: 53 | L79: 28 | M79: Self-referral | N79: bt7 | O79: 5 | P79: Yes | Q79: 204.73 | R79: LegacyDB | S79: 2 | T79: NO | U79: NO | V79: Keep

Sheet Data Quality Audit
A1: Issue ID | B1: Column | C1: Issue Type | D1: Number of Records | E1: Severity | F1: Proposed Action | G1: Validation Result | H1: Cleaning Log
A2: DQ01 | B2: All Columns | C2: Repeated | D2: 78 | E2: Medium | F2: Investigate before removing | G2: Pending
A3: DQ02 | B3: Appoinment_id | C3: Duplicates with conflicting records | D3: 78 | E3: High | F3: investigate whether records are duplicates or separate | G3: Repeated ID's identified; differences between records confirmed
A4: DQ03 | B4: Age | C4: Invalid or missing | D4: 1213 | E4: High | F4: Investigate | G4: 604 invalid; 609 missing or unknown | H4: Removed negative values
A5: DQ04 | B5: Wait_Time | C5: Invalid | D5: 16 | E5: Medium | F5: Investigate | G5: 7 negative and 9 NA | H5: Removed negative values
A6: DQ05 | B6: Consultation | C6: Invalid | D6: 7 | E6: Medium | F6: Investigate | G6: 3 negative , 4 unknown | H6: Removed negative values
A7: DQ06 | B7: Appoinment_time | C7: Invalid | D7: 23 | E7: Medium | F7: Investigate | G7: 2 not recorded , 21 missing | H7: Removed not recorded
A8: DQ07 | B8: Arrival_time | C8: Missing | D8: 111 | E8: High | F8: Investigate before removing | G8: 111 missing values
A9: DQ08 | B9: Discharge_time | C9: Missing | D9: 216 | E9: High | F9: Investigate before removing | G9: 216 missing values
A10: DQ09 | B10: Comparison | C10: Arrival after appoinment time | D10: 81 | E10: High | F10: Investigate | G10: 81 arrival after time and also 131 missing
A11: DQ10 | B11: Comparison | C11: Discharge before arrival | D11: 0 | E11: low | F11: No correction needed | G11: Passed
A12: DQ11 | B12: Patient_Satisfaction | C12: Invalid or missing | D12: 900 | E12: High | F12: Investigate | G12: 277 NA , 312 missing and 311 "0" | H12: Replaced NA as blank
A13: DQ12 | B13: All Columns | C13: Duplicates | D13: 21 | E13: Medium | F13: Remove them | G13: Remove duplicates
I17: Column | J17: Missing record | K17: Percentage
I18: Age | J18: =COUNTBLANK('Raw Data'!H2:H1802) -> 910 | K18: =(J18/1823)*100 -> 49.917718
I19: Hospital | J19: =COUNTBLANK('Raw Data'!C2:C1802) -> 224 | K19: =(J19/1823)*100 -> 12.287438
I20: Gender | J20: =COUNTBLANK('Raw Data'!I2:I1802) -> 349 | K20: =(J20/1823)*100 -> 19.144268
I21: Discharge_Time | J21: =COUNTBLANK('Raw Data'!G2:G1802) -> 212 | K21: =(J21/1823)*100 -> 11.629183
I22: Status | J22: =COUNTBLANK('Raw Data'!J2:J1802) -> 201 | K22: =(J22/1823)*100 -> 11.025782
I23: Referral | J23: =COUNTBLANK('Raw Data'!M2:M1802) -> 234 | K23: =(J23/1823)*100 -> 12.835985
I24: Postcode | J24: =COUNTBLANK('Raw Data'!N2:N1802) -> 366 | K24: =(J24/1823)*100 -> 20.076796
I25: Arrival | J25: =COUNTBLANK('Raw Data'!F2:F1802) -> 110 | K25: =(J25/1823)*100 -> 6.0340099
I26: Cost | J26: =COUNTBLANK('Raw Data'!Q2:Q1802) -> 133 | K26: =(J26/1823)*100 -> 7.2956665
I27: Follow_up | J27: =COUNTBLANK('Raw Data'!P2:P1802) -> 271 | K27: =(J27/1823)*100 -> 14.865606
I28: Satisfaction | J28: =COUNTBLANK('Raw Data'!O2:O1802) -> 578 | K28: =(J28/1823)*100 -> 31.705979
